name,storage,lock_status,condition,price,amz,original_feed_price,amazon_price,after_amazon,sellcell_fee,shipping_fee,condition_fee,total_walkaway,profit,profit_pct,new_price,new_profit,new_profit_pct,status
GALAXY S21,128GB,att,flawless,$72.00 ,144.95,68.00,144.95,123.35,9.87,15.00,10.00,88.49,20.49,30.13%,69.00,19.49,28.24%,Already ≥ 15% profit – bumped $1.00
GALAXY S21,128GB,att,good,$61.00 ,144.95,46.00,144.95,123.35,9.87,15.00,10.00,88.49,42.49,92.36%,51.00,37.49,73.50%,Already ≥ 15% profit – bumped $5.00
GALAXY S21,128GB,att,fair,$42.00 ,144.95,28.00,144.95,123.35,9.87,15.00,30.00,68.49,40.49,144.59%,33.00,35.49,107.53%,Already ≥ 15% profit – bumped $5.00
GALAXY S21,128GB,att,broken,$12.00 ,144.95,11.00,144.95,123.35,9.87,15.00,50.00,48.49,37.49,340.78%,16.00,32.49,203.04%,Already ≥ 15% profit – bumped $5.00
GALAXY S21,128GB,verizon,flawless,$72.00 ,144.95,73.00,144.95,123.35,9.87,15.00,10.00,88.49,15.49,21.21%,74.00,14.49,19.58%,Already ≥ 15% profit – bumped $1.00
GALAXY S21,128GB,verizon,good,$61.00 ,144.95,46.00,144.95,123.35,9.87,15.00,10.00,88.49,42.49,92.36%,51.00,37.49,73.50%,Already ≥ 15% profit – bumped $5.00
GALAXY S21,128GB,verizon,fair,$32.00 ,144.95,28.00,144.95,123.35,9.87,15.00,30.00,68.49,40.49,144.59%,33.00,35.49,107.53%,Already ≥ 15% profit – bumped $5.00
GALAXY S21,128GB,verizon,broken,$21.00 ,144.95,12.00,144.95,123.35,9.87,15.00,50.00,48.49,36.49,304.05%,17.00,31.49,185.21%,Already ≥ 15% profit – bumped $5.00
GALAXY S21,128GB,tmobile,flawless,$55.00 ,144.95,64.00,144.95,123.35,9.87,15.00,10.00,88.49,24.49,38.26%,65.00,23.49,36.13%,Already ≥ 15% profit – bumped $1.00
GALAXY S21,128GB,tmobile,good,$41.00 ,144.95,45.19,144.95,123.35,9.87,15.00,10.00,88.49,43.30,95.81%,50.00,38.49,76.97%,Already ≥ 15% profit – bumped $5.00
GALAXY S21,128GB,tmobile,fair,$22.00 ,144.95,23.00,144.95,123.35,9.87,15.00,30.00,68.49,45.49,197.76%,28.00,40.49,144.59%,Already ≥ 15% profit – bumped $5.00
GALAXY S21,128GB,tmobile,broken,$12.00 ,144.95,11.00,144.95,123.35,9.87,15.00,50.00,48.49,37.49,340.78%,16.00,32.49,203.04%,Already ≥ 15% profit – bumped $5.00
GALAXY S21,128GB,unlocked,flawless,$84.34 ,169.95,83.00,169.95,146.35,11.71,15.00,10.00,109.65,26.65,32.10%,84.00,25.65,30.53%,Already ≥ 15% profit – bumped $1.00
GALAXY S21,128GB,unlocked,good,$71.00 ,169.95,59.25,169.95,146.35,11.71,15.00,10.00,109.65,50.40,85.06%,64.00,45.65,71.32%,Already ≥ 15% profit – bumped $5.00
GALAXY S21,128GB,unlocked,fair,$52.00 ,169.95,35.00,169.95,146.35,11.71,15.00,30.00,89.65,54.65,156.13%,40.00,49.65,124.11%,Already ≥ 15% profit – bumped $5.00
GALAXY S21,128GB,unlocked,broken,$18.00 ,169.95,16.00,169.95,146.35,11.71,15.00,50.00,69.65,53.65,335.29%,21.00,48.65,231.65%,Already ≥ 15% profit – bumped $5.00
GALAXY S21,256GB,att,flawless,$72.00 ,184.95,88.00,184.95,160.15,12.81,15.00,10.00,122.34,34.34,39.02%,89.00,33.34,37.46%,Already ≥ 15% profit – bumped $1.00
GALAXY S21,256GB,att,good,$61.00 ,184.95,58.00,184.95,160.15,12.81,15.00,10.00,122.34,64.34,110.93%,63.00,59.34,94.19%,Already ≥ 15% profit – bumped $5.00
GALAXY S21,256GB,att,fair,$42.00 ,184.95,35.00,184.95,160.15,12.81,15.00,30.00,102.34,67.34,192.40%,40.00,62.34,155.85%,Already ≥ 15% profit – bumped $5.00
GALAXY S21,256GB,att,broken,$12.00 ,184.95,18.00,184.95,160.15,12.81,15.00,50.00,82.34,64.34,357.45%,23.00,59.34,258.01%,Already ≥ 15% profit – bumped $5.00
GALAXY S21,256GB,verizon,flawless,$72.00 ,184.95,82.00,184.95,160.15,12.81,15.00,10.00,122.34,40.34,49.20%,85.00,37.34,43.93%,Already ≥ 15% profit – bumped $3.00
GALAXY S21,256GB,verizon,good,$61.00 ,184.95,63.00,184.95,160.15,12.81,15.00,10.00,122.34,59.34,94.19%,68.00,54.34,79.91%,Already ≥ 15% profit – bumped $5.00
GALAXY S21,256GB,verizon,fair,$32.00 ,184.95,32.00,184.95,160.15,12.81,15.00,30.00,102.34,70.34,219.82%,37.00,65.34,176.60%,Already ≥ 15% profit – bumped $5.00
GALAXY S21,256GB,verizon,broken,$21.00 ,184.95,15.00,184.95,160.15,12.81,15.00,50.00,82.34,67.34,448.94%,20.00,62.34,311.71%,Already ≥ 15% profit – bumped $5.00
GALAXY S21,256GB,tmobile,flawless,$55.00 ,184.95,74.00,184.95,160.15,12.81,15.00,10.00,122.34,48.34,65.33%,77.00,45.34,58.89%,Already ≥ 15% profit – bumped $3.00
GALAXY S21,256GB,tmobile,good,$41.00 ,184.95,52.00,184.95,160.15,12.81,15.00,10.00,122.34,70.34,135.27%,57.00,65.34,114.63%,Already ≥ 15% profit – bumped $5.00
GALAXY S21,256GB,tmobile,fair,$22.00 ,184.95,28.00,184.95,160.15,12.81,15.00,30.00,102.34,74.34,265.51%,33.00,69.34,210.13%,Already ≥ 15% profit – bumped $5.00
GALAXY S21,256GB,tmobile,broken,$12.00 ,184.95,15.00,184.95,160.15,12.81,15.00,50.00,82.34,67.34,448.94%,20.00,62.34,311.71%,Already ≥ 15% profit – bumped $5.00
GALAXY S21,256GB,unlocked,flawless,$84.34 ,209.95,93.00,209.95,183.15,14.65,15.00,10.00,143.50,50.50,54.30%,96.00,47.50,49.48%,Already ≥ 15% profit – bumped $3.00
GALAXY S21,256GB,unlocked,good,$71.00 ,209.95,83.00,209.95,183.15,14.65,15.00,10.00,143.50,60.50,72.89%,81.00,62.50,77.16%,Already ≥ 15% profit – bumped $3.00; capped good to stay $15.00 below flawless
GALAXY S21,256GB,unlocked,fair,$52.00 ,209.95,45.00,209.95,183.15,14.65,15.00,30.00,123.50,78.50,174.45%,50.00,73.50,147.00%,Already ≥ 15% profit – bumped $5.00
GALAXY S21,256GB,unlocked,broken,$18.00 ,209.95,20.00,209.95,183.15,14.65,15.00,50.00,103.50,83.50,417.51%,25.00,78.50,314.01%,Already ≥ 15% profit – bumped $5.00
GALAXY S21 FE,128GB,att,flawless,$51.00 ,124.0,49.00,124.00,104.08,8.33,15.00,10.00,70.75,21.75,44.40%,50.00,20.75,41.51%,Already ≥ 15% profit – bumped $1.00
GALAXY S21 FE,128GB,att,good,$43.00 ,124.0,36.75,124.00,104.08,8.33,15.00,10.00,70.75,34.00,92.53%,35.00,35.75,102.15%,Already ≥ 15% profit – bumped $5.00; capped good to stay $15.00 below flawless
GALAXY S21 FE,128GB,att,fair,$21.00 ,124.0,23.00,124.00,104.08,8.33,15.00,30.00,50.75,27.75,120.67%,28.00,22.75,81.26%,Already ≥ 15% profit – bumped $5.00
GALAXY S21 FE,128GB,att,broken,$12.00 ,124.0,11.00,124.00,104.08,8.33,15.00,50.00,30.75,19.75,179.58%,16.00,14.75,92.21%,Already ≥ 15% profit – bumped $5.00
GALAXY S21 FE,128GB,verizon,flawless,$51.00 ,124.0,49.00,124.00,104.08,8.33,15.00,10.00,70.75,21.75,44.40%,50.00,20.75,41.51%,Already ≥ 15% profit – bumped $1.00
GALAXY S21 FE,128GB,verizon,good,$43.00 ,124.0,36.75,124.00,104.08,8.33,15.00,10.00,70.75,34.00,92.53%,35.00,35.75,102.15%,Already ≥ 15% profit – bumped $5.00; capped good to stay $15.00 below flawless
GALAXY S21 FE,128GB,verizon,fair,$19.00 ,124.0,23.00,124.00,104.08,8.33,15.00,30.00,50.75,27.75,120.67%,28.00,22.75,81.26%,Already ≥ 15% profit – bumped $5.00
GALAXY S21 FE,128GB,verizon,broken,$12.00 ,124.0,11.00,124.00,104.08,8.33,15.00,50.00,30.75,19.75,179.58%,16.00,14.75,92.21%,Already ≥ 15% profit – bumped $5.00
GALAXY S21 FE,128GB,tmobile,flawless,$36.00 ,124.0,48.00,124.00,104.08,8.33,15.00,10.00,70.75,22.75,47.40%,51.00,19.75,38.73%,Already ≥ 15% profit – bumped $3.00
GALAXY S21 FE,128GB,tmobile,good,$29.00 ,124.0,36.75,124.00,104.08,8.33,15.00,10.00,70.75,34.00,92.53%,36.00,34.75,96.54%,Already ≥ 15% profit – bumped $5.00; capped good to stay $15.00 below flawless
GALAXY S21 FE,128GB,tmobile,fair,$21.00 ,124.0,23.00,124.00,104.08,8.33,15.00,30.00,50.75,27.75,120.67%,28.00,22.75,81.26%,Already ≥ 15% profit – bumped $5.00
GALAXY S21 FE,128GB,tmobile,broken,$7.00 ,124.0,7.00,124.00,104.08,8.33,15.00,50.00,30.75,23.75,339.34%,12.00,18.75,156.28%,Already ≥ 15% profit – bumped $5.00
GALAXY S21 FE,128GB,unlocked,flawless,$71.00 ,149.0,64.00,149.00,127.08,10.17,15.00,10.00,91.91,27.91,43.62%,65.00,26.91,41.41%,Already ≥ 15% profit – bumped $1.00
GALAXY S21 FE,128GB,unlocked,good,$66.00 ,149.0,58.00,149.00,127.08,10.17,15.00,10.00,91.91,33.91,58.47%,50.00,41.91,83.83%,Already ≥ 15% profit – bumped $3.00; capped good to stay $15.00 below flawless
GALAXY S21 FE,128GB,unlocked,fair,$41.00 ,149.0,33.00,149.00,127.08,10.17,15.00,30.00,71.91,38.91,117.92%,38.00,33.91,89.25%,Already ≥ 15% profit – bumped $5.00
GALAXY S21 FE,128GB,unlocked,broken,$12.00 ,149.0,11.00,149.00,127.08,10.17,15.00,50.00,51.91,40.91,371.94%,16.00,35.91,224.46%,Already ≥ 15% profit – bumped $5.00
GALAXY S21 FE,256GB,att,flawless,$51.00 ,185.99,60.00,185.99,161.11,12.89,15.00,10.00,123.22,63.22,105.37%,65.00,58.22,89.57%,Already ≥ 15% profit – bumped $5.00
GALAXY S21 FE,256GB,att,good,$43.00 ,185.99,48.00,185.99,161.11,12.89,15.00,10.00,123.22,75.22,156.71%,50.00,73.22,146.44%,Already ≥ 15% profit – bumped $5.00; capped good to stay $15.00 below flawless
GALAXY S21 FE,256GB,att,fair,$21.00 ,185.99,33.00,185.99,161.11,12.89,15.00,30.00,103.22,70.22,212.79%,38.00,65.22,171.64%,Already ≥ 15% profit – bumped $5.00
GALAXY S21 FE,256GB,att,broken,$12.00 ,185.99,16.00,185.99,161.11,12.89,15.00,50.00,83.22,67.22,420.14%,21.00,62.22,296.29%,Already ≥ 15% profit – bumped $5.00
GALAXY S21 FE,256GB,verizon,flawless,$51.00 ,185.99,60.00,185.99,161.11,12.89,15.00,10.00,123.22,63.22,105.37%,65.00,58.22,89.57%,Already ≥ 15% profit – bumped $5.00
GALAXY S21 FE,256GB,verizon,good,$43.00 ,185.99,50.00,185.99,161.11,12.89,15.00,10.00,123.22,73.22,146.44%,50.00,73.22,146.44%,Already ≥ 15% profit – bumped $5.00; capped good to stay $15.00 below flawless
GALAXY S21 FE,256GB,verizon,fair,$19.00 ,185.99,29.00,185.99,161.11,12.89,15.00,30.00,103.22,74.22,255.94%,34.00,69.22,203.59%,Already ≥ 15% profit – bumped $5.00
GALAXY S21 FE,256GB,verizon,broken,$12.00 ,185.99,16.00,185.99,161.11,12.89,15.00,50.00,83.22,67.22,420.14%,21.00,62.22,296.29%,Already ≥ 15% profit – bumped $5.00
GALAXY S21 FE,256GB,tmobile,flawless,$36.00 ,185.99,59.25,185.99,161.11,12.89,15.00,10.00,123.22,63.97,107.97%,64.00,59.22,92.53%,Already ≥ 15% profit – bumped $5.00
GALAXY S21 FE,256GB,tmobile,good,$29.00 ,185.99,45.19,185.99,161.11,12.89,15.00,10.00,123.22,78.03,172.68%,49.00,74.22,151.47%,Already ≥ 15% profit – bumped $5.00; capped good to stay $15.00 below flawless
GALAXY S21 FE,256GB,tmobile,fair,$21.00 ,185.99,30.00,185.99,161.11,12.89,15.00,30.00,103.22,73.22,244.07%,35.00,68.22,194.92%,Already ≥ 15% profit – bumped $5.00
GALAXY S21 FE,256GB,tmobile,broken,$7.00 ,185.99,11.00,185.99,161.11,12.89,15.00,50.00,83.22,72.22,656.56%,16.00,67.22,420.14%,Already ≥ 15% profit – bumped $5.00
GALAXY S21 FE,256GB,unlocked,flawless,$71.00 ,210.99,79.00,210.99,184.11,14.73,15.00,10.00,144.38,65.38,82.76%,84.00,60.38,71.88%,Already ≥ 15% profit – bumped $5.00
GALAXY S21 FE,256GB,unlocked,good,$66.00 ,210.99,70.00,210.99,184.11,14.73,15.00,10.00,144.38,74.38,106.26%,69.00,75.38,109.25%,Already ≥ 15% profit – bumped $5.00; capped good to stay $15.00 below flawless
GALAXY S21 FE,256GB,unlocked,fair,$41.00 ,210.99,43.00,210.99,184.11,14.73,15.00,30.00,124.38,81.38,189.26%,48.00,76.38,159.13%,Already ≥ 15% profit – bumped $5.00
GALAXY S21 FE,256GB,unlocked,broken,$12.00 ,210.99,16.00,210.99,184.11,14.73,15.00,50.00,104.38,88.38,552.39%,21.00,83.38,397.06%,Already ≥ 15% profit – bumped $5.00
GALAXY S21+,128GB,att,flawless,$99.06 ,154.0,85.00,154.00,131.68,10.53,15.00,10.00,96.15,11.15,13.11%,84.00,12.15,14.46%,Repriced to hit 15% profit
GALAXY S21+,128GB,att,good,$96.00 ,154.0,75.00,154.00,131.68,10.53,15.00,10.00,96.15,21.15,28.19%,69.00,27.15,39.34%,Already ≥ 15% profit – bumped $1.00; capped good to stay $15.00 below flawless
GALAXY S21+,128GB,att,fair,$57.00 ,154.0,33.00,154.00,131.68,10.53,15.00,30.00,76.15,43.15,130.74%,38.00,38.15,100.38%,Already ≥ 15% profit – bumped $5.00
GALAXY S21+,128GB,att,broken,$26.00 ,154.0,17.00,154.00,131.68,10.53,15.00,50.00,56.15,39.15,230.27%,22.00,34.15,155.21%,Already ≥ 15% profit – bumped $5.00
GALAXY S21+,128GB,verizon,flawless,$86.00 ,154.0,74.00,154.00,131.68,10.53,15.00,10.00,96.15,22.15,29.93%,75.00,21.15,28.19%,Already ≥ 15% profit – bumped $1.00
GALAXY S21+,128GB,verizon,good,$71.00 ,154.0,53.63,154.00,131.68,10.53,15.00,10.00,96.15,42.52,79.28%,59.00,37.15,62.96%,Already ≥ 15% profit – bumped $5.00
GALAXY S21+,128GB,verizon,fair,$33.00 ,154.0,26.00,154.00,131.68,10.53,15.00,30.00,76.15,50.15,192.87%,31.00,45.15,145.63%,Already ≥ 15% profit – bumped $5.00
GALAXY S21+,128GB,verizon,broken,$17.00 ,154.0,12.00,154.00,131.68,10.53,15.00,50.00,56.15,44.15,367.88%,17.00,39.15,230.27%,Already ≥ 15% profit – bumped $5.00
GALAXY S21+,128GB,tmobile,flawless,$84.00 ,154.0,78.00,154.00,131.68,10.53,15.00,10.00,96.15,18.15,23.26%,79.00,17.15,21.70%,Already ≥ 15% profit – bumped $1.00
GALAXY S21+,128GB,tmobile,good,$66.00 ,154.0,53.63,154.00,131.68,10.53,15.00,10.00,96.15,42.52,79.28%,59.00,37.15,62.96%,Already ≥ 15% profit – bumped $5.00
GALAXY S21+,128GB,tmobile,fair,$37.00 ,154.0,33.00,154.00,131.68,10.53,15.00,30.00,76.15,43.15,130.74%,38.00,38.15,100.38%,Already ≥ 15% profit – bumped $5.00
GALAXY S21+,128GB,tmobile,broken,$18.00 ,154.0,14.00,154.00,131.68,10.53,15.00,50.00,56.15,42.15,301.04%,19.00,37.15,195.50%,Already ≥ 15% profit – bumped $5.00
GALAXY S21+,128GB,unlocked,flawless,$99.06 ,179.0,99.00,179.00,154.68,12.37,15.00,10.00,117.31,18.31,18.49%,100.00,17.31,17.31%,Already ≥ 15% profit – bumped $1.00
GALAXY S21+,128GB,unlocked,good,$98.00 ,179.0,77.00,179.00,154.68,12.37,15.00,10.00,117.31,40.31,52.34%,80.00,37.31,46.63%,Already ≥ 15% profit – bumped $3.00
GALAXY S21+,128GB,unlocked,fair,$71.00 ,179.0,49.00,179.00,154.68,12.37,15.00,30.00,97.31,48.31,98.58%,54.00,43.31,80.20%,Already ≥ 15% profit – bumped $5.00
GALAXY S21+,128GB,unlocked,broken,$31.00 ,179.0,22.00,179.00,154.68,12.37,15.00,50.00,77.31,55.31,251.39%,27.00,50.31,186.32%,Already ≥ 15% profit – bumped $5.00
GALAXY S21+,256GB,att,flawless,$99.06 ,210.54,98.00,210.54,183.70,14.70,15.00,10.00,144.00,46.00,46.94%,101.00,43.00,42.58%,Already ≥ 15% profit – bumped $3.00
GALAXY S21+,256GB,att,good,$96.00 ,210.54,85.00,210.54,183.70,14.70,15.00,10.00,144.00,59.00,69.41%,86.00,58.00,67.44%,Already ≥ 15% profit – bumped $3.00; capped good to stay $15.00 below flawless
GALAXY S21+,256GB,att,fair,$57.00 ,210.54,43.00,210.54,183.70,14.70,15.00,30.00,124.00,81.00,188.37%,48.00,76.00,158.34%,Already ≥ 15% profit – bumped $5.00
GALAXY S21+,256GB,att,broken,$26.00 ,210.54,22.00,210.54,183.70,14.70,15.00,50.00,104.00,82.00,372.73%,27.00,77.00,285.19%,Already ≥ 15% profit – bumped $5.00
GALAXY S21+,256GB,verizon,flawless,$86.00 ,210.54,90.00,210.54,183.70,14.70,15.00,10.00,144.00,54.00,60.00%,93.00,51.00,54.84%,Already ≥ 15% profit – bumped $3.00
GALAXY S21+,256GB,verizon,good,$71.00 ,210.54,67.69,210.54,183.70,14.70,15.00,10.00,144.00,76.31,112.74%,73.00,71.00,97.26%,Already ≥ 15% profit – bumped $5.00
GALAXY S21+,256GB,verizon,fair,$33.00 ,210.54,34.00,210.54,183.70,14.70,15.00,30.00,124.00,90.00,264.71%,39.00,85.00,217.95%,Already ≥ 15% profit – bumped $5.00
GALAXY S21+,256GB,verizon,broken,$17.00 ,210.54,18.00,210.54,183.70,14.70,15.00,50.00,104.00,86.00,477.78%,23.00,81.00,352.18%,Already ≥ 15% profit – bumped $5.00
GALAXY S21+,256GB,tmobile,flawless,$84.00 ,210.54,90.00,210.54,183.70,14.70,15.00,10.00,144.00,54.00,60.00%,93.00,51.00,54.84%,Already ≥ 15% profit – bumped $3.00
GALAXY S21+,256GB,tmobile,good,$66.00 ,210.54,67.69,210.54,183.70,14.70,15.00,10.00,144.00,76.31,112.74%,73.00,71.00,97.26%,Already ≥ 15% profit – bumped $5.00
GALAXY S21+,256GB,tmobile,fair,$37.00 ,210.54,43.00,210.54,183.70,14.70,15.00,30.00,124.00,81.00,188.37%,48.00,76.00,158.34%,Already ≥ 15% profit – bumped $5.00
GALAXY S21+,256GB,tmobile,broken,$18.00 ,210.54,18.00,210.54,183.70,14.70,15.00,50.00,104.00,86.00,477.78%,23.00,81.00,352.18%,Already ≥ 15% profit – bumped $5.00
GALAXY S21+,256GB,unlocked,flawless,$99.06 ,235.54,118.00,235.54,206.70,16.54,15.00,10.00,165.16,47.16,39.97%,119.00,46.16,38.79%,Already ≥ 15% profit – bumped $1.00
GALAXY S21+,256GB,unlocked,good,$98.00 ,235.54,89.25,235.54,206.70,16.54,15.00,10.00,165.16,75.91,85.05%,94.00,71.16,75.70%,Already ≥ 15% profit – bumped $5.00
GALAXY S21+,256GB,unlocked,fair,$71.00 ,235.54,59.00,235.54,206.70,16.54,15.00,30.00,145.16,86.16,146.04%,64.00,81.16,126.81%,Already ≥ 15% profit – bumped $5.00
GALAXY S21+,256GB,unlocked,broken,$31.00 ,235.54,26.00,235.54,206.70,16.54,15.00,50.00,125.16,99.16,381.39%,31.00,94.16,303.75%,Already ≥ 15% profit – bumped $5.00
GALAXY S22,128GB,att,flawless,$95.38 ,149.0,90.00,149.00,127.08,10.17,15.00,10.00,91.91,1.91,2.13%,80.00,11.91,14.89%,Repriced to hit 15% profit
GALAXY S22,128GB,att,good,$81.00 ,149.0,73.00,149.00,127.08,10.17,15.00,10.00,91.91,18.91,25.91%,65.00,26.91,41.41%,Already ≥ 15% profit – bumped $1.00; capped good to stay $15.00 below flawless
GALAXY S22,128GB,att,fair,$49.00 ,149.0,45.00,149.00,127.08,10.17,15.00,30.00,71.91,26.91,59.81%,48.00,23.91,49.82%,Already ≥ 15% profit – bumped $3.00
GALAXY S22,128GB,att,broken,$26.00 ,149.0,22.00,149.00,127.08,10.17,15.00,50.00,51.91,29.91,135.97%,27.00,24.91,92.27%,Already ≥ 15% profit – bumped $5.00
GALAXY S22,128GB,verizon,flawless,$95.38 ,149.0,89.00,149.00,127.08,10.17,15.00,10.00,91.91,2.91,3.27%,80.00,11.91,14.89%,Repriced to hit 15% profit
GALAXY S22,128GB,verizon,good,$76.00 ,149.0,71.85,149.00,127.08,10.17,15.00,10.00,91.91,20.06,27.92%,65.00,26.91,41.41%,Already ≥ 15% profit – bumped $1.00; capped good to stay $15.00 below flawless
GALAXY S22,128GB,verizon,fair,$49.00 ,149.0,48.00,149.00,127.08,10.17,15.00,30.00,71.91,23.91,49.82%,51.00,20.91,41.01%,Already ≥ 15% profit – bumped $3.00
GALAXY S22,128GB,verizon,broken,$15.00 ,149.0,14.00,149.00,127.08,10.17,15.00,50.00,51.91,37.91,270.81%,19.00,32.91,173.23%,Already ≥ 15% profit – bumped $5.00
GALAXY S22,128GB,tmobile,flawless,$83.00 ,149.0,80.00,149.00,127.08,10.17,15.00,10.00,91.91,11.91,14.89%,80.00,11.91,14.89%,Repriced to hit 15% profit
GALAXY S22,128GB,tmobile,good,$66.00 ,149.0,71.85,149.00,127.08,10.17,15.00,10.00,91.91,20.06,27.92%,65.00,26.91,41.41%,Already ≥ 15% profit – bumped $1.00; capped good to stay $15.00 below flawless
GALAXY S22,128GB,tmobile,fair,$42.00 ,149.0,43.00,149.00,127.08,10.17,15.00,30.00,71.91,28.91,67.24%,46.00,25.91,56.33%,Already ≥ 15% profit – bumped $3.00
GALAXY S22,128GB,tmobile,broken,$16.00 ,149.0,13.00,149.00,127.08,10.17,15.00,50.00,51.91,38.91,299.34%,18.00,33.91,188.41%,Already ≥ 15% profit – bumped $5.00
GALAXY S22,128GB,unlocked,flawless,$95.38 ,174.0,102.00,174.00,150.08,12.01,15.00,10.00,113.07,11.07,10.86%,98.00,15.07,15.38%,Repriced to hit 15% profit
GALAXY S22,128GB,unlocked,good,$95.38 ,174.0,84.00,174.00,150.08,12.01,15.00,10.00,113.07,29.07,34.61%,83.00,30.07,36.23%,Already ≥ 15% profit – bumped $1.00; capped good to stay $15.00 below flawless
GALAXY S22,128GB,unlocked,fair,$67.00 ,174.0,51.00,174.00,150.08,12.01,15.00,30.00,93.07,42.07,82.50%,56.00,37.07,66.20%,Already ≥ 15% profit – bumped $5.00
GALAXY S22,128GB,unlocked,broken,$31.00 ,174.0,22.00,174.00,150.08,12.01,15.00,50.00,73.07,51.07,232.15%,27.00,46.07,170.64%,Already ≥ 15% profit – bumped $5.00
GALAXY S22,256gb,att,flawless,$109.00 ,147.95,103.00,147.95,126.11,10.09,15.00,10.00,91.02,-11.98,-11.63%,79.00,12.02,15.22%,Repriced to hit 15% profit
GALAXY S22,256gb,att,good,$86.00 ,147.95,92.10,147.95,126.11,10.09,15.00,10.00,91.02,-1.08,-1.17%,64.00,27.02,42.23%,Repriced to hit 15% profit; capped good to stay $15.00 below flawless
GALAXY S22,256gb,att,fair,$57.00 ,147.95,51.00,147.95,126.11,10.09,15.00,30.00,71.02,20.02,39.26%,52.00,19.02,36.59%,Already ≥ 15% profit – bumped $1.00
GALAXY S22,256gb,att,broken,$31.00 ,147.95,27.00,147.95,126.11,10.09,15.00,50.00,51.02,24.02,88.98%,32.00,19.02,59.45%,Already ≥ 15% profit – bumped $5.00
GALAXY S22,256gb,verizon,flawless,$109.00 ,147.95,103.00,147.95,126.11,10.09,15.00,10.00,91.02,-11.98,-11.63%,79.00,12.02,15.22%,Repriced to hit 15% profit
GALAXY S22,256gb,verizon,good,$82.00 ,147.95,92.10,147.95,126.11,10.09,15.00,10.00,91.02,-1.08,-1.17%,64.00,27.02,42.23%,Repriced to hit 15% profit; capped good to stay $15.00 below flawless
GALAXY S22,256gb,verizon,fair,$56.00 ,147.95,53.00,147.95,126.11,10.09,15.00,30.00,71.02,18.02,34.01%,54.00,17.02,31.53%,Already ≥ 15% profit – bumped $1.00
GALAXY S22,256gb,verizon,broken,$16.00 ,147.95,15.00,147.95,126.11,10.09,15.00,50.00,51.02,36.02,240.17%,20.00,31.02,155.12%,Already ≥ 15% profit – bumped $5.00
GALAXY S22,256gb,tmobile,flawless,$89.00 ,147.95,103.00,147.95,126.11,10.09,15.00,10.00,91.02,-11.98,-11.63%,79.00,12.02,15.22%,Repriced to hit 15% profit
GALAXY S22,256gb,tmobile,good,$72.00 ,147.95,92.10,147.95,126.11,10.09,15.00,10.00,91.02,-1.08,-1.17%,64.00,27.02,42.23%,Repriced to hit 15% profit; capped good to stay $15.00 below flawless
GALAXY S22,256gb,tmobile,fair,$45.00 ,147.95,45.00,147.95,126.11,10.09,15.00,30.00,71.02,26.02,57.83%,48.00,23.02,47.97%,Already ≥ 15% profit – bumped $3.00
GALAXY S22,256gb,tmobile,broken,$21.00 ,147.95,17.00,147.95,126.11,10.09,15.00,50.00,51.02,34.02,200.15%,22.00,29.02,131.93%,Already ≥ 15% profit – bumped $5.00
GALAXY S22,256gb,unlocked,flawless,$113.78 ,172.95,114.00,172.95,149.11,11.93,15.00,10.00,112.18,-1.82,-1.59%,98.00,14.18,14.47%,Repriced to hit 15% profit
GALAXY S22,256gb,unlocked,good,$111.00 ,172.95,102.00,172.95,149.11,11.93,15.00,10.00,112.18,10.18,9.99%,83.00,29.18,35.16%,Repriced to hit 15% profit; capped good to stay $15.00 below flawless
GALAXY S22,256gb,unlocked,fair,$77.00 ,172.95,62.00,172.95,149.11,11.93,15.00,30.00,92.18,30.18,48.69%,65.00,27.18,41.82%,Already ≥ 15% profit – bumped $3.00
GALAXY S22,256gb,unlocked,broken,$36.00 ,172.95,27.00,172.95,149.11,11.93,15.00,50.00,72.18,45.18,167.35%,32.00,40.18,125.58%,Already ≥ 15% profit – bumped $5.00
GALAXY S22 ULTRA,128GB,att,flawless,$159.00 ,274.99,143.00,274.99,242.99,19.44,15.00,10.00,198.55,55.55,38.85%,144.00,54.55,37.88%,Already ≥ 15% profit – bumped $1.00
GALAXY S22 ULTRA,128GB,att,good,$139.00 ,274.99,108.00,274.99,242.99,19.44,15.00,10.00,198.55,90.55,83.84%,113.00,85.55,75.71%,Already ≥ 15% profit – bumped $5.00
GALAXY S22 ULTRA,128GB,att,fair,$97.00 ,274.99,69.00,274.99,242.99,19.44,15.00,30.00,178.55,109.55,158.77%,74.00,104.55,141.29%,Already ≥ 15% profit – bumped $5.00
GALAXY S22 ULTRA,128GB,att,broken,$37.00 ,274.99,30.00,274.99,242.99,19.44,15.00,50.00,158.55,128.55,428.51%,35.00,123.55,353.00%,Already ≥ 15% profit – bumped $5.00
GALAXY S22 ULTRA,128GB,verizon,flawless,$152.00 ,274.99,132.00,274.99,242.99,19.44,15.00,10.00,198.55,66.55,50.42%,135.00,63.55,47.08%,Already ≥ 15% profit – bumped $3.00
GALAXY S22 ULTRA,128GB,verizon,good,$130.00 ,274.99,99.00,274.99,242.99,19.44,15.00,10.00,198.55,99.55,100.56%,104.00,94.55,90.91%,Already ≥ 15% profit – bumped $5.00
GALAXY S22 ULTRA,128GB,verizon,fair,$73.00 ,274.99,59.00,274.99,242.99,19.44,15.00,30.00,178.55,119.55,202.63%,64.00,114.55,178.99%,Already ≥ 15% profit – bumped $5.00
GALAXY S22 ULTRA,128GB,verizon,broken,$37.00 ,274.99,19.00,274.99,242.99,19.44,15.00,50.00,158.55,139.55,734.48%,24.00,134.55,560.63%,Already ≥ 15% profit – bumped $5.00
GALAXY S22 ULTRA,128GB,tmobile,flawless,$151.00 ,274.99,128.00,274.99,242.99,19.44,15.00,10.00,198.55,70.55,55.12%,131.00,67.55,51.57%,Already ≥ 15% profit – bumped $3.00
GALAXY S22 ULTRA,128GB,tmobile,good,$130.00 ,274.99,96.00,274.99,242.99,19.44,15.00,10.00,198.55,102.55,106.82%,101.00,97.55,96.59%,Already ≥ 15% profit – bumped $5.00
GALAXY S22 ULTRA,128GB,tmobile,fair,$92.00 ,274.99,65.00,274.99,242.99,19.44,15.00,30.00,178.55,113.55,174.69%,70.00,108.55,155.07%,Already ≥ 15% profit – bumped $5.00
GALAXY S22 ULTRA,128GB,tmobile,broken,$34.00 ,274.99,30.00,274.99,242.99,19.44,15.00,50.00,158.55,128.55,428.51%,35.00,123.55,353.00%,Already ≥ 15% profit – bumped $5.00
GALAXY S22 ULTRA,128GB,unlocked,flawless,$187.00 ,299.99,176.00,299.99,265.99,21.28,15.00,10.00,219.71,43.71,24.84%,177.00,42.71,24.13%,Already ≥ 15% profit – bumped $1.00
GALAXY S22 ULTRA,128GB,unlocked,good,$161.00 ,299.99,139.00,299.99,265.99,21.28,15.00,10.00,219.71,80.71,58.07%,142.00,77.71,54.73%,Already ≥ 15% profit – bumped $3.00
GALAXY S22 ULTRA,128GB,unlocked,fair,$127.00 ,299.99,93.00,299.99,265.99,21.28,15.00,30.00,199.71,106.71,114.74%,98.00,101.71,103.79%,Already ≥ 15% profit – bumped $5.00
GALAXY S22 ULTRA,128GB,unlocked,broken,$56.00 ,299.99,35.00,299.99,265.99,21.28,15.00,50.00,179.71,144.71,413.46%,40.00,139.71,349.28%,Already ≥ 15% profit – bumped $5.00
GALAXY S22 ULTRA,256gb,att,flawless,$181.00 ,289.0,160.00,289.00,255.88,20.47,15.00,10.00,210.41,50.41,31.51%,161.00,49.41,30.69%,Already ≥ 15% profit – bumped $1.00
GALAXY S22 ULTRA,256gb,att,good,$157.00 ,289.0,120.00,289.00,255.88,20.47,15.00,10.00,210.41,90.41,75.34%,125.00,85.41,68.33%,Already ≥ 15% profit – bumped $5.00
GALAXY S22 ULTRA,256gb,att,fair,$112.00 ,289.0,79.00,289.00,255.88,20.47,15.00,30.00,190.41,111.41,141.02%,84.00,106.41,126.68%,Already ≥ 15% profit – bumped $5.00
GALAXY S22 ULTRA,256gb,att,broken,$41.00 ,289.0,30.00,289.00,255.88,20.47,15.00,50.00,170.41,140.41,468.03%,35.00,135.41,386.88%,Already ≥ 15% profit – bumped $5.00
GALAXY S22 ULTRA,256gb,verizon,flawless,$170.00 ,289.0,141.00,289.00,255.88,20.47,15.00,10.00,210.41,69.41,49.23%,144.00,66.41,46.12%,Already ≥ 15% profit – bumped $3.00
GALAXY S22 ULTRA,256gb,verizon,good,$145.00 ,289.0,106.00,289.00,255.88,20.47,15.00,10.00,210.41,104.41,98.50%,111.00,99.41,89.56%,Already ≥ 15% profit – bumped $5.00
GALAXY S22 ULTRA,256gb,verizon,fair,$82.00 ,289.0,60.00,289.00,255.88,20.47,15.00,30.00,190.41,130.41,217.35%,65.00,125.41,192.94%,Already ≥ 15% profit – bumped $5.00
GALAXY S22 ULTRA,256gb,verizon,broken,$39.00 ,289.0,20.00,289.00,255.88,20.47,15.00,50.00,170.41,150.41,752.05%,25.00,145.41,581.64%,Already ≥ 15% profit – bumped $5.00
GALAXY S22 ULTRA,256gb,tmobile,flawless,$168.00 ,289.0,140.00,289.00,255.88,20.47,15.00,10.00,210.41,70.41,50.29%,143.00,67.41,47.14%,Already ≥ 15% profit – bumped $3.00
GALAXY S22 ULTRA,256gb,tmobile,good,$137.00 ,289.0,108.00,289.00,255.88,20.47,15.00,10.00,210.41,102.41,94.82%,113.00,97.41,86.20%,Already ≥ 15% profit – bumped $5.00
GALAXY S22 ULTRA,256gb,tmobile,fair,$107.00 ,289.0,73.00,289.00,255.88,20.47,15.00,30.00,190.41,117.41,160.84%,78.00,112.41,144.11%,Already ≥ 15% profit – bumped $5.00
GALAXY S22 ULTRA,256gb,tmobile,broken,$37.00 ,289.0,30.00,289.00,255.88,20.47,15.00,50.00,170.41,140.41,468.03%,35.00,135.41,386.88%,Already ≥ 15% profit – bumped $5.00
GALAXY S22 ULTRA,256gb,unlocked,flawless,$205.78 ,314.0,198.00,314.00,278.88,22.31,15.00,10.00,231.57,33.57,16.95%,199.00,32.57,16.37%,Already ≥ 15% profit – bumped $1.00
GALAXY S22 ULTRA,256gb,unlocked,good,$196.00 ,314.0,151.00,314.00,278.88,22.31,15.00,10.00,231.57,80.57,53.36%,154.00,77.57,50.37%,Already ≥ 15% profit – bumped $3.00
GALAXY S22 ULTRA,256gb,unlocked,fair,$142.00 ,314.0,108.00,314.00,278.88,22.31,15.00,30.00,211.57,103.57,95.90%,113.00,98.57,87.23%,Already ≥ 15% profit – bumped $5.00
GALAXY S22 ULTRA,256gb,unlocked,broken,$56.00 ,314.0,37.00,314.00,278.88,22.31,15.00,50.00,191.57,154.57,417.76%,42.00,149.57,356.12%,Already ≥ 15% profit – bumped $5.00
GALAXY S22 ULTRA,512GB,att,flawless,$181.00 ,333.17,174.00,333.17,296.52,23.72,15.00,10.00,247.80,73.80,42.41%,175.00,72.80,41.60%,Already ≥ 15% profit – bumped $1.00
GALAXY S22 ULTRA,512GB,att,good,$157.00 ,333.17,131.00,333.17,296.52,23.72,15.00,10.00,247.80,116.80,89.16%,136.00,111.80,82.20%,Already ≥ 15% profit – bumped $5.00
GALAXY S22 ULTRA,512GB,att,fair,$112.00 ,333.17,85.00,333.17,296.52,23.72,15.00,30.00,227.80,142.80,167.99%,90.00,137.80,153.11%,Already ≥ 15% profit – bumped $5.00
GALAXY S22 ULTRA,512GB,att,broken,$41.00 ,333.17,32.00,333.17,296.52,23.72,15.00,50.00,207.80,175.80,549.36%,37.00,170.80,461.61%,Already ≥ 15% profit – bumped $5.00
GALAXY S22 ULTRA,512GB,verizon,flawless,$170.00 ,333.17,158.00,333.17,296.52,23.72,15.00,10.00,247.80,89.80,56.83%,161.00,86.80,53.91%,Already ≥ 15% profit – bumped $3.00
GALAXY S22 ULTRA,512GB,verizon,good,$145.00 ,333.17,129.00,333.17,296.52,23.72,15.00,10.00,247.80,118.80,92.09%,134.00,113.80,84.92%,Already ≥ 15% profit – bumped $5.00
GALAXY S22 ULTRA,512GB,verizon,fair,$82.00 ,333.17,80.00,333.17,296.52,23.72,15.00,30.00,227.80,147.80,184.74%,85.00,142.80,167.99%,Already ≥ 15% profit – bumped $5.00
GALAXY S22 ULTRA,512GB,verizon,broken,$39.00 ,333.17,26.00,333.17,296.52,23.72,15.00,50.00,207.80,181.80,699.21%,31.00,176.80,570.31%,Already ≥ 15% profit – bumped $5.00
GALAXY S22 ULTRA,512GB,tmobile,flawless,$168.00 ,333.17,147.00,333.17,296.52,23.72,15.00,10.00,247.80,100.80,68.57%,150.00,97.80,65.20%,Already ≥ 15% profit – bumped $3.00
GALAXY S22 ULTRA,512GB,tmobile,good,$137.00 ,333.17,113.00,333.17,296.52,23.72,15.00,10.00,247.80,134.80,119.29%,118.00,129.80,110.00%,Already ≥ 15% profit – bumped $5.00
GALAXY S22 ULTRA,512GB,tmobile,fair,$107.00 ,333.17,79.00,333.17,296.52,23.72,15.00,30.00,227.80,148.80,188.35%,84.00,143.80,171.18%,Already ≥ 15% profit – bumped $5.00
GALAXY S22 ULTRA,512GB,tmobile,broken,$37.00 ,333.17,30.00,333.17,296.52,23.72,15.00,50.00,207.80,177.80,592.65%,35.00,172.80,493.70%,Already ≥ 15% profit – bumped $5.00
GALAXY S22 ULTRA,512GB,unlocked,flawless,$205.78 ,358.17,203.00,358.17,319.52,25.56,15.00,10.00,268.96,65.96,32.49%,204.00,64.96,31.84%,Already ≥ 15% profit – bumped $1.00
GALAXY S22 ULTRA,512GB,unlocked,good,$196.00 ,358.17,168.00,358.17,319.52,25.56,15.00,10.00,268.96,100.96,60.09%,171.00,97.96,57.28%,Already ≥ 15% profit – bumped $3.00
GALAXY S22 ULTRA,512GB,unlocked,fair,$142.00 ,358.17,113.00,358.17,319.52,25.56,15.00,30.00,248.96,135.96,120.31%,118.00,130.96,110.98%,Already ≥ 15% profit – bumped $5.00
GALAXY S22 ULTRA,512GB,unlocked,broken,$56.00 ,358.17,42.00,358.17,319.52,25.56,15.00,50.00,228.96,186.96,445.13%,47.00,181.96,387.14%,Already ≥ 15% profit – bumped $5.00
GALAXY S22 ULTRA,1TB,att,flawless,$181.00 ,493.44000000000005,185.00,493.44,443.96,30.00,15.00,10.00,388.96,203.96,110.25%,190.00,198.96,104.72%,Already ≥ 15% profit – bumped $5.00
GALAXY S22 ULTRA,1TB,att,good,$157.00 ,493.44000000000005,139.00,493.44,443.96,30.00,15.00,10.00,388.96,249.96,179.83%,144.00,244.96,170.11%,Already ≥ 15% profit – bumped $5.00
GALAXY S22 ULTRA,1TB,att,fair,$112.00 ,493.44000000000005,90.00,493.44,443.96,30.00,15.00,30.00,368.96,278.96,309.96%,95.00,273.96,288.38%,Already ≥ 15% profit – bumped $5.00
GALAXY S22 ULTRA,1TB,att,broken,$41.00 ,493.44000000000005,37.00,493.44,443.96,30.00,15.00,50.00,348.96,311.96,843.15%,42.00,306.96,730.87%,Already ≥ 15% profit – bumped $5.00
GALAXY S22 ULTRA,1TB,verizon,flawless,$170.00 ,493.44000000000005,168.00,493.44,443.96,30.00,15.00,10.00,388.96,220.96,131.53%,173.00,215.96,124.84%,Already ≥ 15% profit – bumped $5.00
GALAXY S22 ULTRA,1TB,verizon,good,$145.00 ,493.44000000000005,139.00,493.44,443.96,30.00,15.00,10.00,388.96,249.96,179.83%,144.00,244.96,170.11%,Already ≥ 15% profit – bumped $5.00
GALAXY S22 ULTRA,1TB,verizon,fair,$82.00 ,493.44000000000005,85.00,493.44,443.96,30.00,15.00,30.00,368.96,283.96,334.08%,90.00,278.96,309.96%,Already ≥ 15% profit – bumped $5.00
GALAXY S22 ULTRA,1TB,verizon,broken,$39.00 ,493.44000000000005,28.00,493.44,443.96,30.00,15.00,50.00,348.96,320.96,1146.30%,33.00,315.96,957.47%,Already ≥ 15% profit – bumped $5.00
GALAXY S22 ULTRA,1TB,tmobile,flawless,$168.00 ,493.44000000000005,166.00,493.44,443.96,30.00,15.00,10.00,388.96,222.96,134.32%,171.00,217.96,127.46%,Already ≥ 15% profit – bumped $5.00
GALAXY S22 ULTRA,1TB,tmobile,good,$137.00 ,493.44000000000005,125.00,493.44,443.96,30.00,15.00,10.00,388.96,263.96,211.17%,130.00,258.96,199.20%,Already ≥ 15% profit – bumped $5.00
GALAXY S22 ULTRA,1TB,tmobile,fair,$107.00 ,493.44000000000005,84.00,493.44,443.96,30.00,15.00,30.00,368.96,284.96,339.24%,89.00,279.96,314.57%,Already ≥ 15% profit – bumped $5.00
GALAXY S22 ULTRA,1TB,tmobile,broken,$37.00 ,493.44000000000005,30.00,493.44,443.96,30.00,15.00,50.00,348.96,318.96,1063.22%,35.00,313.96,897.04%,Already ≥ 15% profit – bumped $5.00
GALAXY S22 ULTRA,1TB,unlocked,flawless,$205.78 ,518.44,242.00,518.44,466.96,30.00,15.00,10.00,411.96,169.96,70.23%,245.00,166.96,68.15%,Already ≥ 15% profit – bumped $3.00
GALAXY S22 ULTRA,1TB,unlocked,good,$196.00 ,518.44,196.00,518.44,466.96,30.00,15.00,10.00,411.96,215.96,110.19%,201.00,210.96,104.96%,Already ≥ 15% profit – bumped $5.00
GALAXY S22 ULTRA,1TB,unlocked,fair,$142.00 ,518.44,118.00,518.44,466.96,30.00,15.00,30.00,391.96,273.96,232.17%,123.00,268.96,218.67%,Already ≥ 15% profit – bumped $5.00
GALAXY S22 ULTRA,1TB,unlocked,broken,$56.00 ,518.44,47.00,518.44,466.96,30.00,15.00,50.00,371.96,324.96,691.41%,52.00,319.96,615.32%,Already ≥ 15% profit – bumped $5.00
GALAXY S22+,128GB,att,flawless,$110.10 ,169.0,110.00,169.00,145.48,11.64,15.00,10.00,108.84,-1.16,-1.05%,95.00,13.84,14.57%,Repriced to hit 15% profit
GALAXY S22+,128GB,att,good,$98.00 ,169.0,96.15,169.00,145.48,11.64,15.00,10.00,108.84,12.69,13.20%,80.00,28.84,36.05%,Repriced to hit 15% profit; capped good to stay $15.00 below flawless
GALAXY S22+,128GB,att,fair,$64.00 ,169.0,57.00,169.00,145.48,11.64,15.00,30.00,88.84,31.84,55.86%,60.00,28.84,48.07%,Already ≥ 15% profit – bumped $3.00
GALAXY S22+,128GB,att,broken,$31.00 ,169.0,30.00,169.00,145.48,11.64,15.00,50.00,68.84,38.84,129.47%,35.00,33.84,96.69%,Already ≥ 15% profit – bumped $5.00
GALAXY S22+,128GB,verizon,flawless,$110.00 ,169.0,107.00,169.00,145.48,11.64,15.00,10.00,108.84,1.84,1.72%,95.00,13.84,14.57%,Repriced to hit 15% profit
GALAXY S22+,128GB,verizon,good,$98.00 ,169.0,96.15,169.00,145.48,11.64,15.00,10.00,108.84,12.69,13.20%,80.00,28.84,36.05%,Repriced to hit 15% profit; capped good to stay $15.00 below flawless
GALAXY S22+,128GB,verizon,fair,$64.00 ,169.0,43.00,169.00,145.48,11.64,15.00,30.00,88.84,45.84,106.61%,48.00,40.84,85.09%,Already ≥ 15% profit – bumped $5.00
GALAXY S22+,128GB,verizon,broken,$23.00 ,169.0,22.00,169.00,145.48,11.64,15.00,50.00,68.84,46.84,212.92%,27.00,41.84,154.97%,Already ≥ 15% profit – bumped $5.00
GALAXY S22+,128GB,tmobile,flawless,$105.00 ,169.0,107.00,169.00,145.48,11.64,15.00,10.00,108.84,1.84,1.72%,95.00,13.84,14.57%,Repriced to hit 15% profit
GALAXY S22+,128GB,tmobile,good,$79.00 ,169.0,96.15,169.00,145.48,11.64,15.00,10.00,108.84,12.69,13.20%,80.00,28.84,36.05%,Repriced to hit 15% profit; capped good to stay $15.00 below flawless
GALAXY S22+,128GB,tmobile,fair,$45.00 ,169.0,42.00,169.00,145.48,11.64,15.00,30.00,88.84,46.84,111.53%,47.00,41.84,89.02%,Already ≥ 15% profit – bumped $5.00
GALAXY S22+,128GB,tmobile,broken,$23.00 ,169.0,22.00,169.00,145.48,11.64,15.00,50.00,68.84,46.84,212.92%,27.00,41.84,154.97%,Already ≥ 15% profit – bumped $5.00
GALAXY S22+,128GB,unlocked,flawless,$110.10 ,194.0,141.00,194.00,168.48,13.48,15.00,10.00,130.00,-11.00,-7.80%,113.00,17.00,15.05%,Repriced to hit 15% profit
GALAXY S22+,128GB,unlocked,good,$110.10 ,194.0,124.00,194.00,168.48,13.48,15.00,10.00,130.00,6.00,4.84%,98.00,32.00,32.65%,Repriced to hit 15% profit; capped good to stay $15.00 below flawless
GALAXY S22+,128GB,unlocked,fair,$83.00 ,194.0,78.00,194.00,168.48,13.48,15.00,30.00,110.00,32.00,41.03%,79.00,31.00,39.24%,Already ≥ 15% profit – bumped $1.00
GALAXY S22+,128GB,unlocked,broken,$36.00 ,194.0,35.00,194.00,168.48,13.48,15.00,50.00,90.00,55.00,157.15%,40.00,50.00,125.00%,Already ≥ 15% profit – bumped $5.00
GALAXY S22+,256gb,att,flawless,$128.00 ,194.99,120.00,194.99,169.39,13.55,15.00,10.00,130.84,10.84,9.03%,114.00,16.84,14.77%,Repriced to hit 15% profit
GALAXY S22+,256gb,att,good,$109.00 ,194.99,104.25,194.99,169.39,13.55,15.00,10.00,130.84,26.59,25.51%,99.00,31.84,32.16%,Already ≥ 15% profit – bumped $1.00; capped good to stay $15.00 below flawless
GALAXY S22+,256gb,att,fair,$77.00 ,194.99,63.00,194.99,169.39,13.55,15.00,30.00,110.84,47.84,75.94%,68.00,42.84,63.00%,Already ≥ 15% profit – bumped $5.00
GALAXY S22+,256gb,att,broken,$36.00 ,194.99,35.00,194.99,169.39,13.55,15.00,50.00,90.84,55.84,159.54%,40.00,50.84,127.10%,Already ≥ 15% profit – bumped $5.00
GALAXY S22+,256gb,verizon,flawless,$121.00 ,194.99,116.00,194.99,169.39,13.55,15.00,10.00,130.84,14.84,12.79%,114.00,16.84,14.77%,Repriced to hit 15% profit
GALAXY S22+,256gb,verizon,good,$110.00 ,194.99,104.25,194.99,169.39,13.55,15.00,10.00,130.84,26.59,25.51%,99.00,31.84,32.16%,Already ≥ 15% profit – bumped $1.00; capped good to stay $15.00 below flawless
GALAXY S22+,256gb,verizon,fair,$77.00 ,194.99,44.00,194.99,169.39,13.55,15.00,30.00,110.84,66.84,151.91%,49.00,61.84,126.20%,Already ≥ 15% profit – bumped $5.00
GALAXY S22+,256gb,verizon,broken,$30.00 ,194.99,29.00,194.99,169.39,13.55,15.00,50.00,90.84,61.84,213.24%,34.00,56.84,167.18%,Already ≥ 15% profit – bumped $5.00
GALAXY S22+,256gb,tmobile,flawless,$114.00 ,194.99,116.00,194.99,169.39,13.55,15.00,10.00,130.84,14.84,12.79%,114.00,16.84,14.77%,Repriced to hit 15% profit
GALAXY S22+,256gb,tmobile,good,$91.00 ,194.99,104.25,194.99,169.39,13.55,15.00,10.00,130.84,26.59,25.51%,99.00,31.84,32.16%,Already ≥ 15% profit – bumped $1.00; capped good to stay $15.00 below flawless
GALAXY S22+,256gb,tmobile,fair,$58.00 ,194.99,53.00,194.99,169.39,13.55,15.00,30.00,110.84,57.84,109.13%,58.00,52.84,91.10%,Already ≥ 15% profit – bumped $5.00
GALAXY S22+,256gb,tmobile,broken,$30.00 ,194.99,29.00,194.99,169.39,13.55,15.00,50.00,90.84,61.84,213.24%,34.00,56.84,167.18%,Already ≥ 15% profit – bumped $5.00
GALAXY S22+,256gb,unlocked,flawless,$135.86 ,219.99,151.00,219.99,192.39,15.39,15.00,10.00,152.00,1.00,0.66%,132.00,20.00,15.15%,Repriced to hit 15% profit
GALAXY S22+,256gb,unlocked,good,$128.00 ,219.99,134.00,219.99,192.39,15.39,15.00,10.00,152.00,18.00,13.43%,117.00,35.00,29.91%,Repriced to hit 15% profit; capped good to stay $15.00 below flawless
GALAXY S22+,256gb,unlocked,fair,$94.00 ,219.99,88.00,219.99,192.39,15.39,15.00,30.00,132.00,44.00,50.00%,91.00,41.00,45.05%,Already ≥ 15% profit – bumped $3.00
GALAXY S22+,256gb,unlocked,broken,$41.00 ,219.99,40.00,219.99,192.39,15.39,15.00,50.00,112.00,72.00,180.00%,45.00,67.00,148.89%,Already ≥ 15% profit – bumped $5.00
GALAXY S23,128GB,att,flawless,$146.90 ,219.0,136.00,219.00,191.48,15.32,15.00,10.00,151.16,15.16,11.15%,131.00,20.16,15.39%,Repriced to hit 15% profit
GALAXY S23,128GB,att,good,$136.00 ,219.0,120.00,219.00,191.48,15.32,15.00,10.00,151.16,31.16,25.97%,116.00,35.16,30.31%,Already ≥ 15% profit – bumped $1.00; capped good to stay $15.00 below flawless
GALAXY S23,128GB,att,fair,$92.00 ,219.0,63.00,219.00,191.48,15.32,15.00,30.00,131.16,68.16,108.19%,68.00,63.16,92.88%,Already ≥ 15% profit – bumped $5.00
GALAXY S23,128GB,att,broken,$52.00 ,219.0,36.00,219.00,191.48,15.32,15.00,50.00,111.16,75.16,208.78%,41.00,70.16,171.13%,Already ≥ 15% profit – bumped $5.00
GALAXY S23,128GB,verizon,flawless,$146.90 ,219.0,143.00,219.00,191.48,15.32,15.00,10.00,151.16,8.16,5.71%,131.00,20.16,15.39%,Repriced to hit 15% profit
GALAXY S23,128GB,verizon,good,$138.00 ,219.0,120.00,219.00,191.48,15.32,15.00,10.00,151.16,31.16,25.97%,116.00,35.16,30.31%,Already ≥ 15% profit – bumped $1.00; capped good to stay $15.00 below flawless
GALAXY S23,128GB,verizon,fair,$92.00 ,219.0,63.00,219.00,191.48,15.32,15.00,30.00,131.16,68.16,108.19%,68.00,63.16,92.88%,Already ≥ 15% profit – bumped $5.00
GALAXY S23,128GB,verizon,broken,$47.00 ,219.0,36.00,219.00,191.48,15.32,15.00,50.00,111.16,75.16,208.78%,41.00,70.16,171.13%,Already ≥ 15% profit – bumped $5.00
GALAXY S23,128GB,tmobile,flawless,$133.00 ,219.0,111.00,219.00,191.48,15.32,15.00,10.00,151.16,40.16,36.18%,112.00,39.16,34.97%,Already ≥ 15% profit – bumped $1.00
GALAXY S23,128GB,tmobile,good,$116.00 ,219.0,93.00,219.00,191.48,15.32,15.00,10.00,151.16,58.16,62.54%,96.00,55.16,57.46%,Already ≥ 15% profit – bumped $3.00
GALAXY S23,128GB,tmobile,fair,$91.00 ,219.0,63.00,219.00,191.48,15.32,15.00,30.00,131.16,68.16,108.19%,68.00,63.16,92.88%,Already ≥ 15% profit – bumped $5.00
GALAXY S23,128GB,tmobile,broken,$37.00 ,219.0,26.00,219.00,191.48,15.32,15.00,50.00,111.16,85.16,327.54%,31.00,80.16,258.59%,Already ≥ 15% profit – bumped $5.00
GALAXY S23,128GB,unlocked,flawless,$146.90 ,244.0,162.00,244.00,214.48,17.16,15.00,10.00,172.32,10.32,6.37%,150.00,22.32,14.88%,Repriced to hit 15% profit
GALAXY S23,128GB,unlocked,good,$146.90 ,244.0,141.00,244.00,214.48,17.16,15.00,10.00,172.32,31.32,22.21%,135.00,37.32,27.65%,Already ≥ 15% profit – bumped $1.00; capped good to stay $15.00 below flawless
GALAXY S23,128GB,unlocked,fair,$107.00 ,244.0,82.00,244.00,214.48,17.16,15.00,30.00,152.32,70.32,85.76%,87.00,65.32,75.08%,Already ≥ 15% profit – bumped $5.00
GALAXY S23,128GB,unlocked,broken,$57.00 ,244.0,46.00,244.00,214.48,17.16,15.00,50.00,132.32,86.32,187.66%,51.00,81.32,159.45%,Already ≥ 15% profit – bumped $5.00
GALAXY S23,256gb,att,flawless,$171.00 ,287.75,151.00,287.75,254.73,20.38,15.00,10.00,209.35,58.35,38.64%,152.00,57.35,37.73%,Already ≥ 15% profit – bumped $1.00
GALAXY S23,256gb,att,good,$156.00 ,287.75,136.00,287.75,254.73,20.38,15.00,10.00,209.35,73.35,53.94%,137.00,72.35,52.81%,Already ≥ 15% profit – bumped $3.00; capped good to stay $15.00 below flawless
GALAXY S23,256gb,att,fair,$92.00 ,287.75,70.00,287.75,254.73,20.38,15.00,30.00,189.35,119.35,170.50%,75.00,114.35,152.47%,Already ≥ 15% profit – bumped $5.00
GALAXY S23,256gb,att,broken,$57.00 ,287.75,41.00,287.75,254.73,20.38,15.00,50.00,169.35,128.35,313.05%,46.00,123.35,268.16%,Already ≥ 15% profit – bumped $5.00
GALAXY S23,256gb,verizon,flawless,$179.00 ,287.75,153.00,287.75,254.73,20.38,15.00,10.00,209.35,56.35,36.83%,154.00,55.35,35.94%,Already ≥ 15% profit – bumped $1.00
GALAXY S23,256gb,verizon,good,$156.00 ,287.75,140.00,287.75,254.73,20.38,15.00,10.00,209.35,69.35,49.54%,139.00,70.35,50.61%,Already ≥ 15% profit – bumped $3.00; capped good to stay $15.00 below flawless
GALAXY S23,256gb,verizon,fair,$92.00 ,287.75,67.00,287.75,254.73,20.38,15.00,30.00,189.35,122.35,182.61%,72.00,117.35,162.99%,Already ≥ 15% profit – bumped $5.00
GALAXY S23,256gb,verizon,broken,$51.00 ,287.75,41.00,287.75,254.73,20.38,15.00,50.00,169.35,128.35,313.05%,46.00,123.35,268.16%,Already ≥ 15% profit – bumped $5.00
GALAXY S23,256gb,tmobile,flawless,$159.00 ,287.75,131.00,287.75,254.73,20.38,15.00,10.00,209.35,78.35,59.81%,134.00,75.35,56.23%,Already ≥ 15% profit – bumped $3.00
GALAXY S23,256gb,tmobile,good,$137.00 ,287.75,112.00,287.75,254.73,20.38,15.00,10.00,209.35,97.35,86.92%,117.00,92.35,78.93%,Already ≥ 15% profit – bumped $5.00
GALAXY S23,256gb,tmobile,fair,$92.00 ,287.75,68.00,287.75,254.73,20.38,15.00,30.00,189.35,121.35,178.46%,73.00,116.35,159.39%,Already ≥ 15% profit – bumped $5.00
GALAXY S23,256gb,tmobile,broken,$42.00 ,287.75,31.00,287.75,254.73,20.38,15.00,50.00,169.35,138.35,446.30%,36.00,133.35,370.42%,Already ≥ 15% profit – bumped $5.00
GALAXY S23,256gb,unlocked,flawless,$183.70 ,312.75,172.00,312.75,277.73,22.22,15.00,10.00,230.51,58.51,34.02%,173.00,57.51,33.24%,Already ≥ 15% profit – bumped $1.00
GALAXY S23,256gb,unlocked,good,$176.00 ,312.75,160.00,312.75,277.73,22.22,15.00,10.00,230.51,70.51,44.07%,158.00,72.51,45.89%,Already ≥ 15% profit – bumped $1.00; capped good to stay $15.00 below flawless
GALAXY S23,256gb,unlocked,fair,$127.00 ,312.75,98.00,312.75,277.73,22.22,15.00,30.00,210.51,112.51,114.81%,103.00,107.51,104.38%,Already ≥ 15% profit – bumped $5.00
GALAXY S23,256gb,unlocked,broken,$62.00 ,312.75,51.00,312.75,277.73,22.22,15.00,50.00,190.51,139.51,273.55%,56.00,134.51,240.20%,Already ≥ 15% profit – bumped $5.00
GALAXY S23,512GB,att,flawless,$171.00 ,370.0,130.00,370.00,330.40,26.43,15.00,10.00,278.97,148.97,114.59%,135.00,143.97,106.64%,Already ≥ 15% profit – bumped $5.00
GALAXY S23,512GB,att,good,$156.00 ,370.0,125.00,370.00,330.40,26.43,15.00,10.00,278.97,153.97,123.17%,120.00,158.97,132.47%,Already ≥ 15% profit – bumped $5.00; capped good to stay $15.00 below flawless
GALAXY S23,512GB,att,fair,$92.00 ,370.0,78.00,370.00,330.40,26.43,15.00,30.00,258.97,180.97,232.01%,83.00,175.97,212.01%,Already ≥ 15% profit – bumped $5.00
GALAXY S23,512GB,att,broken,$57.00 ,370.0,32.00,370.00,330.40,26.43,15.00,50.00,238.97,206.97,646.78%,37.00,201.97,545.86%,Already ≥ 15% profit – bumped $5.00
GALAXY S23,512GB,verizon,flawless,$179.00 ,370.0,149.00,370.00,330.40,26.43,15.00,10.00,278.97,129.97,87.23%,154.00,124.97,81.15%,Already ≥ 15% profit – bumped $5.00
GALAXY S23,512GB,verizon,good,$156.00 ,370.0,124.00,370.00,330.40,26.43,15.00,10.00,278.97,154.97,124.97%,129.00,149.97,116.25%,Already ≥ 15% profit – bumped $5.00
GALAXY S23,512GB,verizon,fair,$92.00 ,370.0,77.00,370.00,330.40,26.43,15.00,30.00,258.97,181.97,236.32%,82.00,176.97,215.81%,Already ≥ 15% profit – bumped $5.00
GALAXY S23,512GB,verizon,broken,$51.00 ,370.0,27.00,370.00,330.40,26.43,15.00,50.00,238.97,211.97,785.07%,32.00,206.97,646.78%,Already ≥ 15% profit – bumped $5.00
GALAXY S23,512GB,tmobile,flawless,$159.00 ,370.0,136.00,370.00,330.40,26.43,15.00,10.00,278.97,142.97,105.12%,141.00,137.97,97.85%,Already ≥ 15% profit – bumped $5.00
GALAXY S23,512GB,tmobile,good,$137.00 ,370.0,119.00,370.00,330.40,26.43,15.00,10.00,278.97,159.97,134.43%,124.00,154.97,124.97%,Already ≥ 15% profit – bumped $5.00
GALAXY S23,512GB,tmobile,fair,$92.00 ,370.0,78.00,370.00,330.40,26.43,15.00,30.00,258.97,180.97,232.01%,83.00,175.97,212.01%,Already ≥ 15% profit – bumped $5.00
GALAXY S23,512GB,tmobile,broken,$42.00 ,370.0,27.00,370.00,330.40,26.43,15.00,50.00,238.97,211.97,785.07%,32.00,206.97,646.78%,Already ≥ 15% profit – bumped $5.00
GALAXY S23,512GB,unlocked,flawless,$183.70 ,395.0,167.00,395.00,353.40,28.27,15.00,10.00,300.13,133.13,79.72%,172.00,128.13,74.49%,Already ≥ 15% profit – bumped $5.00
GALAXY S23,512GB,unlocked,good,$176.00 ,395.0,150.00,395.00,353.40,28.27,15.00,10.00,300.13,150.13,100.09%,155.00,145.13,93.63%,Already ≥ 15% profit – bumped $5.00
GALAXY S23,512GB,unlocked,fair,$127.00 ,395.0,102.00,395.00,353.40,28.27,15.00,30.00,280.13,178.13,174.64%,107.00,173.13,161.80%,Already ≥ 15% profit – bumped $5.00
GALAXY S23,512GB,unlocked,broken,$62.00 ,395.0,32.00,395.00,353.40,28.27,15.00,50.00,260.13,228.13,712.90%,37.00,223.13,603.05%,Already ≥ 15% profit – bumped $5.00
GALAXY S23 ULTRA,256gb,att,flawless,$283.48 ,385.0,240.00,385.00,344.20,27.54,15.00,10.00,291.66,51.66,21.53%,241.00,50.66,21.02%,Already ≥ 15% profit – bumped $1.00
GALAXY S23 ULTRA,256gb,att,good,$254.00 ,385.0,208.00,385.00,344.20,27.54,15.00,10.00,291.66,83.66,40.22%,209.00,82.66,39.55%,Already ≥ 15% profit – bumped $1.00
GALAXY S23 ULTRA,256gb,att,fair,$159.00 ,385.0,134.00,385.00,344.20,27.54,15.00,30.00,271.66,137.66,102.73%,139.00,132.66,95.44%,Already ≥ 15% profit – bumped $5.00
GALAXY S23 ULTRA,256gb,att,broken,$106.00 ,385.0,81.00,385.00,344.20,27.54,15.00,50.00,251.66,170.66,210.70%,86.00,165.66,192.63%,Already ≥ 15% profit – bumped $5.00
GALAXY S23 ULTRA,256gb,verizon,flawless,$283.48 ,385.0,195.00,385.00,344.20,27.54,15.00,10.00,291.66,96.66,49.57%,198.00,93.66,47.31%,Already ≥ 15% profit – bumped $3.00
GALAXY S23 ULTRA,256gb,verizon,good,$241.00 ,385.0,156.00,385.00,344.20,27.54,15.00,10.00,291.66,135.66,86.96%,161.00,130.66,81.16%,Already ≥ 15% profit – bumped $5.00
GALAXY S23 ULTRA,256gb,verizon,fair,$142.00 ,385.0,113.00,385.00,344.20,27.54,15.00,30.00,271.66,158.66,140.41%,118.00,153.66,130.22%,Already ≥ 15% profit – bumped $5.00
GALAXY S23 ULTRA,256gb,verizon,broken,$91.00 ,385.0,81.00,385.00,344.20,27.54,15.00,50.00,251.66,170.66,210.70%,86.00,165.66,192.63%,Already ≥ 15% profit – bumped $5.00
GALAXY S23 ULTRA,256gb,tmobile,flawless,$269.00 ,385.0,229.00,385.00,344.20,27.54,15.00,10.00,291.66,62.66,27.36%,230.00,61.66,26.81%,Already ≥ 15% profit – bumped $1.00
GALAXY S23 ULTRA,256gb,tmobile,good,$211.00 ,385.0,203.00,385.00,344.20,27.54,15.00,10.00,291.66,88.66,43.68%,204.00,87.66,42.97%,Already ≥ 15% profit – bumped $1.00
GALAXY S23 ULTRA,256gb,tmobile,fair,$132.00 ,385.0,133.00,385.00,344.20,27.54,15.00,30.00,271.66,138.66,104.26%,138.00,133.66,96.86%,Already ≥ 15% profit – bumped $5.00
GALAXY S23 ULTRA,256gb,tmobile,broken,$67.00 ,385.0,80.00,385.00,344.20,27.54,15.00,50.00,251.66,171.66,214.58%,85.00,166.66,196.08%,Already ≥ 15% profit – bumped $5.00
GALAXY S23 ULTRA,256gb,unlocked,flawless,$283.48 ,410.0,293.00,410.00,367.20,29.38,15.00,10.00,312.82,19.82,6.77%,272.00,40.82,15.01%,Repriced to hit 15% profit
GALAXY S23 ULTRA,256gb,unlocked,good,$271.00 ,410.0,255.00,410.00,367.20,29.38,15.00,10.00,312.82,57.82,22.68%,256.00,56.82,22.20%,Already ≥ 15% profit – bumped $1.00
GALAXY S23 ULTRA,256gb,unlocked,fair,$187.00 ,410.0,183.00,410.00,367.20,29.38,15.00,30.00,292.82,109.82,60.01%,186.00,106.82,57.43%,Already ≥ 15% profit – bumped $3.00
GALAXY S23 ULTRA,256gb,unlocked,broken,$107.00 ,410.0,81.00,410.00,367.20,29.38,15.00,50.00,272.82,191.82,236.82%,86.00,186.82,217.24%,Already ≥ 15% profit – bumped $5.00
GALAXY S23 ULTRA,512GB,att,flawless,$283.48 ,424.0,260.00,424.00,380.08,30.00,15.00,10.00,325.08,65.08,25.03%,261.00,64.08,24.55%,Already ≥ 15% profit – bumped $1.00
GALAXY S23 ULTRA,512GB,att,good,$254.00 ,424.0,229.00,424.00,380.08,30.00,15.00,10.00,325.08,96.08,41.96%,230.00,95.08,41.34%,Already ≥ 15% profit – bumped $1.00
GALAXY S23 ULTRA,512GB,att,fair,$159.00 ,424.0,153.00,424.00,380.08,30.00,15.00,30.00,305.08,152.08,99.40%,158.00,147.08,93.09%,Already ≥ 15% profit – bumped $5.00
GALAXY S23 ULTRA,512GB,att,broken,$106.00 ,424.0,81.00,424.00,380.08,30.00,15.00,50.00,285.08,204.08,251.95%,86.00,199.08,231.49%,Already ≥ 15% profit – bumped $5.00
GALAXY S23 ULTRA,512GB,verizon,flawless,$283.48 ,424.0,235.00,424.00,380.08,30.00,15.00,10.00,325.08,90.08,38.33%,236.00,89.08,37.75%,Already ≥ 15% profit – bumped $1.00
GALAXY S23 ULTRA,512GB,verizon,good,$241.00 ,424.0,193.00,424.00,380.08,30.00,15.00,10.00,325.08,132.08,68.44%,196.00,129.08,65.86%,Already ≥ 15% profit – bumped $3.00
GALAXY S23 ULTRA,512GB,verizon,fair,$142.00 ,424.0,123.00,424.00,380.08,30.00,15.00,30.00,305.08,182.08,148.03%,128.00,177.08,138.34%,Already ≥ 15% profit – bumped $5.00
GALAXY S23 ULTRA,512GB,verizon,broken,$91.00 ,424.0,81.00,424.00,380.08,30.00,15.00,50.00,285.08,204.08,251.95%,86.00,199.08,231.49%,Already ≥ 15% profit – bumped $5.00
GALAXY S23 ULTRA,512GB,tmobile,flawless,$269.00 ,424.0,249.00,424.00,380.08,30.00,15.00,10.00,325.08,76.08,30.55%,250.00,75.08,30.03%,Already ≥ 15% profit – bumped $1.00
GALAXY S23 ULTRA,512GB,tmobile,good,$211.00 ,424.0,223.00,424.00,380.08,30.00,15.00,10.00,325.08,102.08,45.78%,226.00,99.08,43.84%,Already ≥ 15% profit – bumped $3.00
GALAXY S23 ULTRA,512GB,tmobile,fair,$132.00 ,424.0,153.00,424.00,380.08,30.00,15.00,30.00,305.08,152.08,99.40%,158.00,147.08,93.09%,Already ≥ 15% profit – bumped $5.00
GALAXY S23 ULTRA,512GB,tmobile,broken,$67.00 ,424.0,80.00,424.00,380.08,30.00,15.00,50.00,285.08,205.08,256.35%,85.00,200.08,235.39%,Already ≥ 15% profit – bumped $5.00
GALAXY S23 ULTRA,512GB,unlocked,flawless,$283.48 ,449.0,314.00,449.00,403.08,30.00,15.00,10.00,348.08,34.08,10.85%,303.00,45.08,14.88%,Repriced to hit 15% profit
GALAXY S23 ULTRA,512GB,unlocked,good,$271.00 ,449.0,276.00,449.00,403.08,30.00,15.00,10.00,348.08,72.08,26.12%,277.00,71.08,25.66%,Already ≥ 15% profit – bumped $1.00
GALAXY S23 ULTRA,512GB,unlocked,fair,$187.00 ,449.0,203.00,449.00,403.08,30.00,15.00,30.00,328.08,125.08,61.62%,206.00,122.08,59.26%,Already ≥ 15% profit – bumped $3.00
GALAXY S23 ULTRA,512GB,unlocked,broken,$107.00 ,449.0,81.00,449.00,403.08,30.00,15.00,50.00,308.08,227.08,280.35%,86.00,222.08,258.23%,Already ≥ 15% profit – bumped $5.00
GALAXY S23 ULTRA,1TB,att,flawless,$283.48 ,590.0,289.00,590.00,532.80,30.00,15.00,10.00,477.80,188.80,65.33%,292.00,185.80,63.63%,Already ≥ 15% profit – bumped $3.00
GALAXY S23 ULTRA,1TB,att,good,$254.00 ,590.0,263.00,590.00,532.80,30.00,15.00,10.00,477.80,214.80,81.67%,268.00,209.80,78.28%,Already ≥ 15% profit – bumped $5.00
GALAXY S23 ULTRA,1TB,att,fair,$159.00 ,590.0,193.00,590.00,532.80,30.00,15.00,30.00,457.80,264.80,137.20%,198.00,259.80,131.21%,Already ≥ 15% profit – bumped $5.00
GALAXY S23 ULTRA,1TB,att,broken,$106.00 ,590.0,81.00,590.00,532.80,30.00,15.00,50.00,437.80,356.80,440.49%,86.00,351.80,409.07%,Already ≥ 15% profit – bumped $5.00
GALAXY S23 ULTRA,1TB,verizon,flawless,$283.48 ,590.0,267.00,590.00,532.80,30.00,15.00,10.00,477.80,210.80,78.95%,272.00,205.80,75.66%,Already ≥ 15% profit – bumped $5.00
GALAXY S23 ULTRA,1TB,verizon,good,$241.00 ,590.0,214.00,590.00,532.80,30.00,15.00,10.00,477.80,263.80,123.27%,219.00,258.80,118.17%,Already ≥ 15% profit – bumped $5.00
GALAXY S23 ULTRA,1TB,verizon,fair,$142.00 ,590.0,134.00,590.00,532.80,30.00,15.00,30.00,457.80,323.80,241.64%,139.00,318.80,229.35%,Already ≥ 15% profit – bumped $5.00
GALAXY S23 ULTRA,1TB,verizon,broken,$91.00 ,590.0,81.00,590.00,532.80,30.00,15.00,50.00,437.80,356.80,440.49%,86.00,351.80,409.07%,Already ≥ 15% profit – bumped $5.00
GALAXY S23 ULTRA,1TB,tmobile,flawless,$269.00 ,590.0,289.00,590.00,532.80,30.00,15.00,10.00,477.80,188.80,65.33%,292.00,185.80,63.63%,Already ≥ 15% profit – bumped $3.00
GALAXY S23 ULTRA,1TB,tmobile,good,$211.00 ,590.0,263.00,590.00,532.80,30.00,15.00,10.00,477.80,214.80,81.67%,268.00,209.80,78.28%,Already ≥ 15% profit – bumped $5.00
GALAXY S23 ULTRA,1TB,tmobile,fair,$132.00 ,590.0,193.00,590.00,532.80,30.00,15.00,30.00,457.80,264.80,137.20%,198.00,259.80,131.21%,Already ≥ 15% profit – bumped $5.00
GALAXY S23 ULTRA,1TB,tmobile,broken,$67.00 ,590.0,81.00,590.00,532.80,30.00,15.00,50.00,437.80,356.80,440.49%,86.00,351.80,409.07%,Already ≥ 15% profit – bumped $5.00
GALAXY S23 ULTRA,1TB,unlocked,flawless,$283.48 ,615.0,356.00,615.00,555.80,30.00,15.00,10.00,500.80,144.80,40.67%,357.00,143.80,40.28%,Already ≥ 15% profit – bumped $1.00
GALAXY S23 ULTRA,1TB,unlocked,good,$271.00 ,615.0,318.00,615.00,555.80,30.00,15.00,10.00,500.80,182.80,57.48%,321.00,179.80,56.01%,Already ≥ 15% profit – bumped $3.00
GALAXY S23 ULTRA,1TB,unlocked,fair,$187.00 ,615.0,241.00,615.00,555.80,30.00,15.00,30.00,480.80,239.80,99.50%,246.00,234.80,95.45%,Already ≥ 15% profit – bumped $5.00
GALAXY S23 ULTRA,1TB,unlocked,broken,$107.00 ,615.0,81.00,615.00,555.80,30.00,15.00,50.00,460.80,379.80,468.89%,86.00,374.80,435.81%,Already ≥ 15% profit – bumped $5.00
GALAXY S23+,256GB,att,flawless,$191.06 ,287.0,175.00,287.00,254.04,20.32,15.00,10.00,208.72,33.72,19.27%,176.00,32.72,18.59%,Already ≥ 15% profit – bumped $1.00
GALAXY S23+,256GB,att,good,$191.06 ,287.0,144.75,287.00,254.04,20.32,15.00,10.00,208.72,63.97,44.19%,146.00,62.72,42.96%,Already ≥ 15% profit – bumped $1.00
GALAXY S23+,256GB,att,fair,$103.00 ,287.0,83.00,287.00,254.04,20.32,15.00,30.00,188.72,105.72,127.37%,88.00,100.72,114.45%,Already ≥ 15% profit – bumped $5.00
GALAXY S23+,256GB,att,broken,$92.00 ,287.0,41.00,287.00,254.04,20.32,15.00,50.00,168.72,127.72,311.50%,46.00,122.72,266.78%,Already ≥ 15% profit – bumped $5.00
GALAXY S23+,256GB,verizon,flawless,$191.06 ,287.0,165.00,287.00,254.04,20.32,15.00,10.00,208.72,43.72,26.50%,166.00,42.72,25.73%,Already ≥ 15% profit – bumped $1.00
GALAXY S23+,256GB,verizon,good,$191.06 ,287.0,144.75,287.00,254.04,20.32,15.00,10.00,208.72,63.97,44.19%,146.00,62.72,42.96%,Already ≥ 15% profit – bumped $1.00
GALAXY S23+,256GB,verizon,fair,$100.00 ,287.0,83.00,287.00,254.04,20.32,15.00,30.00,188.72,105.72,127.37%,88.00,100.72,114.45%,Already ≥ 15% profit – bumped $5.00
GALAXY S23+,256GB,verizon,broken,$72.00 ,287.0,41.00,287.00,254.04,20.32,15.00,50.00,168.72,127.72,311.50%,46.00,122.72,266.78%,Already ≥ 15% profit – bumped $5.00
GALAXY S23+,256GB,tmobile,flawless,$183.00 ,287.0,161.00,287.00,254.04,20.32,15.00,10.00,208.72,47.72,29.64%,162.00,46.72,28.84%,Already ≥ 15% profit – bumped $1.00
GALAXY S23+,256GB,tmobile,good,$159.00 ,287.0,144.75,287.00,254.04,20.32,15.00,10.00,208.72,63.97,44.19%,146.00,62.72,42.96%,Already ≥ 15% profit – bumped $1.00
GALAXY S23+,256GB,tmobile,fair,$90.00 ,287.0,83.00,287.00,254.04,20.32,15.00,30.00,188.72,105.72,127.37%,88.00,100.72,114.45%,Already ≥ 15% profit – bumped $5.00
GALAXY S23+,256GB,tmobile,broken,$67.00 ,287.0,41.00,287.00,254.04,20.32,15.00,50.00,168.72,127.72,311.50%,46.00,122.72,266.78%,Already ≥ 15% profit – bumped $5.00
GALAXY S23+,256GB,unlocked,flawless,$191.06 ,312.0,204.00,312.00,277.04,22.16,15.00,10.00,229.88,25.88,12.68%,200.00,29.88,14.94%,Repriced to hit 15% profit
GALAXY S23+,256GB,unlocked,good,$191.06 ,312.0,173.00,312.00,277.04,22.16,15.00,10.00,229.88,56.88,32.88%,174.00,55.88,32.11%,Already ≥ 15% profit – bumped $1.00
GALAXY S23+,256GB,unlocked,fair,$132.00 ,312.0,108.00,312.00,277.04,22.16,15.00,30.00,209.88,101.88,94.33%,113.00,96.88,85.73%,Already ≥ 15% profit – bumped $5.00
GALAXY S23+,256GB,unlocked,broken,$112.00 ,312.0,61.00,312.00,277.04,22.16,15.00,50.00,189.88,128.88,211.27%,66.00,123.88,187.69%,Already ≥ 15% profit – bumped $5.00
GALAXY S23+,512GB,att,flawless,$205.78 ,370.0,200.00,370.00,330.40,26.43,15.00,10.00,278.97,78.97,39.48%,201.00,77.97,38.79%,Already ≥ 15% profit – bumped $1.00
GALAXY S23+,512GB,att,good,$205.78 ,370.0,173.00,370.00,330.40,26.43,15.00,10.00,278.97,105.97,61.25%,176.00,102.97,58.50%,Already ≥ 15% profit – bumped $3.00
GALAXY S23+,512GB,att,fair,$122.00 ,370.0,88.00,370.00,330.40,26.43,15.00,30.00,258.97,170.97,194.28%,93.00,165.97,178.46%,Already ≥ 15% profit – bumped $5.00
GALAXY S23+,512GB,att,broken,$97.00 ,370.0,46.00,370.00,330.40,26.43,15.00,50.00,238.97,192.97,419.50%,51.00,187.97,368.56%,Already ≥ 15% profit – bumped $5.00
GALAXY S23+,512GB,verizon,flawless,$205.78 ,370.0,200.00,370.00,330.40,26.43,15.00,10.00,278.97,78.97,39.48%,201.00,77.97,38.79%,Already ≥ 15% profit – bumped $1.00
GALAXY S23+,512GB,verizon,good,$206.00 ,370.0,165.00,370.00,330.40,26.43,15.00,10.00,278.97,113.97,69.07%,168.00,110.97,66.05%,Already ≥ 15% profit – bumped $3.00
GALAXY S23+,512GB,verizon,fair,$104.00 ,370.0,88.00,370.00,330.40,26.43,15.00,30.00,258.97,170.97,194.28%,93.00,165.97,178.46%,Already ≥ 15% profit – bumped $5.00
GALAXY S23+,512GB,verizon,broken,$82.00 ,370.0,46.00,370.00,330.40,26.43,15.00,50.00,238.97,192.97,419.50%,51.00,187.97,368.56%,Already ≥ 15% profit – bumped $5.00
GALAXY S23+,512GB,tmobile,flawless,$205.78 ,370.0,184.00,370.00,330.40,26.43,15.00,10.00,278.97,94.97,51.61%,187.00,91.97,49.18%,Already ≥ 15% profit – bumped $3.00
GALAXY S23+,512GB,tmobile,good,$176.00 ,370.0,165.00,370.00,330.40,26.43,15.00,10.00,278.97,113.97,69.07%,168.00,110.97,66.05%,Already ≥ 15% profit – bumped $3.00
GALAXY S23+,512GB,tmobile,fair,$107.00 ,370.0,88.00,370.00,330.40,26.43,15.00,30.00,258.97,170.97,194.28%,93.00,165.97,178.46%,Already ≥ 15% profit – bumped $5.00
GALAXY S23+,512GB,tmobile,broken,$67.00 ,370.0,46.00,370.00,330.40,26.43,15.00,50.00,238.97,192.97,419.50%,51.00,187.97,368.56%,Already ≥ 15% profit – bumped $5.00
GALAXY S23+,512GB,unlocked,flawless,$205.78 ,395.0,225.00,395.00,353.40,28.27,15.00,10.00,300.13,75.13,33.39%,226.00,74.13,32.80%,Already ≥ 15% profit – bumped $1.00
GALAXY S23+,512GB,unlocked,good,$205.78 ,395.0,194.00,395.00,353.40,28.27,15.00,10.00,300.13,106.13,54.71%,197.00,103.13,52.35%,Already ≥ 15% profit – bumped $3.00
GALAXY S23+,512GB,unlocked,fair,$157.00 ,395.0,133.00,395.00,353.40,28.27,15.00,30.00,280.13,147.13,110.62%,138.00,142.13,102.99%,Already ≥ 15% profit – bumped $5.00
GALAXY S23+,512GB,unlocked,broken,$117.00 ,395.0,66.00,395.00,353.40,28.27,15.00,50.00,260.13,194.13,294.13%,71.00,189.13,266.38%,Already ≥ 15% profit – bumped $5.00
GALAXY S23FE,128GB,att,flawless,$88.00 ,184.0,103.00,184.00,159.28,12.74,15.00,10.00,121.54,18.54,18.00%,104.00,17.54,16.86%,Already ≥ 15% profit – bumped $1.00
GALAXY S23FE,128GB,att,good,$70.00 ,184.0,78.00,184.00,159.28,12.74,15.00,10.00,121.54,43.54,55.82%,81.00,40.54,50.05%,Already ≥ 15% profit – bumped $3.00
GALAXY S23FE,128GB,att,fair,$46.00 ,184.0,40.00,184.00,159.28,12.74,15.00,30.00,101.54,61.54,153.84%,45.00,56.54,125.64%,Already ≥ 15% profit – bumped $5.00
GALAXY S23FE,128GB,att,broken,$27.00 ,184.0,24.00,184.00,159.28,12.74,15.00,50.00,81.54,57.54,239.74%,29.00,52.54,181.16%,Already ≥ 15% profit – bumped $5.00
GALAXY S23FE,128GB,verizon,flawless,$124.82 ,184.0,124.00,184.00,159.28,12.74,15.00,10.00,121.54,-2.46,-1.99%,106.00,15.54,14.66%,Repriced to hit 15% profit
GALAXY S23FE,128GB,verizon,good,$105.00 ,184.0,93.00,184.00,159.28,12.74,15.00,10.00,121.54,28.54,30.69%,91.00,30.54,33.56%,Already ≥ 15% profit – bumped $1.00; capped good to stay $15.00 below flawless
GALAXY S23FE,128GB,verizon,fair,$46.00 ,184.0,38.00,184.00,159.28,12.74,15.00,30.00,101.54,63.54,167.20%,43.00,58.54,136.13%,Already ≥ 15% profit – bumped $5.00
GALAXY S23FE,128GB,verizon,broken,$27.00 ,184.0,22.00,184.00,159.28,12.74,15.00,50.00,81.54,59.54,270.63%,27.00,54.54,201.99%,Already ≥ 15% profit – bumped $5.00
GALAXY S23FE,128GB,tmobile,flawless,$77.00 ,184.0,98.00,184.00,159.28,12.74,15.00,10.00,121.54,23.54,24.02%,99.00,22.54,22.77%,Already ≥ 15% profit – bumped $1.00
GALAXY S23FE,128GB,tmobile,good,$61.00 ,184.0,75.90,184.00,159.28,12.74,15.00,10.00,121.54,45.64,60.13%,79.00,42.54,53.85%,Already ≥ 15% profit – bumped $3.00
GALAXY S23FE,128GB,tmobile,fair,$43.00 ,184.0,37.00,184.00,159.28,12.74,15.00,30.00,101.54,64.54,174.43%,42.00,59.54,141.76%,Already ≥ 15% profit – bumped $5.00
GALAXY S23FE,128GB,tmobile,broken,$24.00 ,184.0,22.00,184.00,159.28,12.74,15.00,50.00,81.54,59.54,270.63%,27.00,54.54,201.99%,Already ≥ 15% profit – bumped $5.00
GALAXY S23FE,128GB,unlocked,flawless,$124.82 ,209.0,144.00,209.00,182.28,14.58,15.00,10.00,142.70,-1.30,-0.90%,124.00,18.70,15.08%,Repriced to hit 15% profit
GALAXY S23FE,128GB,unlocked,good,$125.00 ,209.0,113.00,209.00,182.28,14.58,15.00,10.00,142.70,29.70,26.28%,109.00,33.70,30.92%,Already ≥ 15% profit – bumped $1.00; capped good to stay $15.00 below flawless
GALAXY S23FE,128GB,unlocked,fair,$63.00 ,209.0,50.00,209.00,182.28,14.58,15.00,30.00,122.70,72.70,145.40%,55.00,67.70,123.09%,Already ≥ 15% profit – bumped $5.00
GALAXY S23FE,128GB,unlocked,broken,$32.00 ,209.0,30.00,209.00,182.28,14.58,15.00,50.00,102.70,72.70,242.33%,35.00,67.70,193.42%,Already ≥ 15% profit – bumped $5.00
GALAXY S23FE,256gb,att,flawless,$98.00 ,292.0,112.00,292.00,258.64,20.69,15.00,10.00,212.95,100.95,90.13%,117.00,95.95,82.01%,Already ≥ 15% profit – bumped $5.00
GALAXY S23FE,256gb,att,good,$78.00 ,292.0,92.10,292.00,258.64,20.69,15.00,10.00,212.95,120.85,131.21%,97.00,115.95,119.53%,Already ≥ 15% profit – bumped $5.00
GALAXY S23FE,256gb,att,fair,$50.00 ,292.0,46.00,292.00,258.64,20.69,15.00,30.00,192.95,146.95,319.45%,51.00,141.95,278.33%,Already ≥ 15% profit – bumped $5.00
GALAXY S23FE,256gb,att,broken,$32.00 ,292.0,27.00,292.00,258.64,20.69,15.00,50.00,172.95,145.95,540.55%,32.00,140.95,440.46%,Already ≥ 15% profit – bumped $5.00
GALAXY S23FE,256gb,verizon,flawless,$142.00 ,292.0,134.00,292.00,258.64,20.69,15.00,10.00,212.95,78.95,58.92%,137.00,75.95,55.44%,Already ≥ 15% profit – bumped $3.00
GALAXY S23FE,256gb,verizon,good,$113.00 ,292.0,101.00,292.00,258.64,20.69,15.00,10.00,212.95,111.95,110.84%,106.00,106.95,100.90%,Already ≥ 15% profit – bumped $5.00
GALAXY S23FE,256gb,verizon,fair,$50.00 ,292.0,43.00,292.00,258.64,20.69,15.00,30.00,192.95,149.95,348.72%,48.00,144.95,301.98%,Already ≥ 15% profit – bumped $5.00
GALAXY S23FE,256gb,verizon,broken,$32.00 ,292.0,26.00,292.00,258.64,20.69,15.00,50.00,172.95,146.95,565.19%,31.00,141.95,457.90%,Already ≥ 15% profit – bumped $5.00
GALAXY S23FE,256gb,tmobile,flawless,$88.00 ,292.0,107.00,292.00,258.64,20.69,15.00,10.00,212.95,105.95,99.02%,112.00,100.95,90.13%,Already ≥ 15% profit – bumped $5.00
GALAXY S23FE,256gb,tmobile,good,$70.00 ,292.0,92.10,292.00,258.64,20.69,15.00,10.00,212.95,120.85,131.21%,97.00,115.95,119.53%,Already ≥ 15% profit – bumped $5.00
GALAXY S23FE,256gb,tmobile,fair,$49.00 ,292.0,43.00,292.00,258.64,20.69,15.00,30.00,192.95,149.95,348.72%,48.00,144.95,301.98%,Already ≥ 15% profit – bumped $5.00
GALAXY S23FE,256gb,tmobile,broken,$27.00 ,292.0,25.00,292.00,258.64,20.69,15.00,50.00,172.95,147.95,591.80%,30.00,142.95,476.50%,Already ≥ 15% profit – bumped $5.00
GALAXY S23FE,256gb,unlocked,flawless,$162.00 ,317.0,154.00,317.00,281.64,22.53,15.00,10.00,234.11,80.11,52.02%,157.00,77.11,49.11%,Already ≥ 15% profit – bumped $3.00
GALAXY S23FE,256gb,unlocked,good,$141.00 ,317.0,133.00,317.00,281.64,22.53,15.00,10.00,234.11,101.11,76.02%,138.00,96.11,69.64%,Already ≥ 15% profit – bumped $5.00
GALAXY S23FE,256gb,unlocked,fair,$73.00 ,317.0,60.00,317.00,281.64,22.53,15.00,30.00,214.11,154.11,256.85%,65.00,149.11,229.40%,Already ≥ 15% profit – bumped $5.00
GALAXY S23FE,256gb,unlocked,broken,$32.00 ,317.0,36.00,317.00,281.64,22.53,15.00,50.00,194.11,158.11,439.19%,41.00,153.11,373.44%,Already ≥ 15% profit – bumped $5.00
GALAXY S24,128GB,att,flawless,$205.78 ,317.0,188.00,317.00,281.64,22.53,15.00,10.00,234.11,46.11,24.53%,189.00,45.11,23.87%,Already ≥ 15% profit – bumped $1.00
GALAXY S24,128GB,att,good,$185.00 ,317.0,162.00,317.00,281.64,22.53,15.00,10.00,234.11,72.11,44.51%,163.00,71.11,43.63%,Already ≥ 15% profit – bumped $1.00
GALAXY S24,128GB,att,fair,$112.00 ,317.0,97.00,317.00,281.64,22.53,15.00,30.00,214.11,117.11,120.73%,102.00,112.11,109.91%,Already ≥ 15% profit – bumped $5.00
GALAXY S24,128GB,att,broken,$92.00 ,317.0,36.00,317.00,281.64,22.53,15.00,50.00,194.11,158.11,439.19%,41.00,153.11,373.44%,Already ≥ 15% profit – bumped $5.00
GALAXY S24,128GB,verizon,flawless,$203.00 ,317.0,188.00,317.00,281.64,22.53,15.00,10.00,234.11,46.11,24.53%,189.00,45.11,23.87%,Already ≥ 15% profit – bumped $1.00
GALAXY S24,128GB,verizon,good,$181.00 ,317.0,151.00,317.00,281.64,22.53,15.00,10.00,234.11,83.11,55.04%,154.00,80.11,52.02%,Already ≥ 15% profit – bumped $3.00
GALAXY S24,128GB,verizon,fair,$116.00 ,317.0,97.00,317.00,281.64,22.53,15.00,30.00,214.11,117.11,120.73%,102.00,112.11,109.91%,Already ≥ 15% profit – bumped $5.00
GALAXY S24,128GB,verizon,broken,$91.00 ,317.0,31.00,317.00,281.64,22.53,15.00,50.00,194.11,163.11,526.16%,36.00,158.11,439.19%,Already ≥ 15% profit – bumped $5.00
GALAXY S24,128GB,tmobile,flawless,$205.78 ,317.0,199.00,317.00,281.64,22.53,15.00,10.00,234.11,35.11,17.64%,200.00,34.11,17.05%,Already ≥ 15% profit – bumped $1.00
GALAXY S24,128GB,tmobile,good,$186.00 ,317.0,168.00,317.00,281.64,22.53,15.00,10.00,234.11,66.11,39.35%,169.00,65.11,38.53%,Already ≥ 15% profit – bumped $1.00
GALAXY S24,128GB,tmobile,fair,$171.00 ,317.0,86.00,317.00,281.64,22.53,15.00,30.00,214.11,128.11,148.96%,91.00,123.11,135.28%,Already ≥ 15% profit – bumped $5.00
GALAXY S24,128GB,tmobile,broken,$92.00 ,317.0,51.00,317.00,281.64,22.53,15.00,50.00,194.11,143.11,280.61%,56.00,138.11,246.62%,Already ≥ 15% profit – bumped $5.00
GALAXY S24,128GB,unlocked,flawless,$205.78 ,342.0,230.00,342.00,304.64,24.37,15.00,10.00,255.27,25.27,10.99%,222.00,33.27,14.99%,Repriced to hit 15% profit
GALAXY S24,128GB,unlocked,good,$205.78 ,342.0,204.00,342.00,304.64,24.37,15.00,10.00,255.27,51.27,25.13%,205.00,50.27,24.52%,Already ≥ 15% profit – bumped $1.00
GALAXY S24,128GB,unlocked,fair,$187.00 ,342.0,138.00,342.00,304.64,24.37,15.00,30.00,235.27,97.27,70.48%,141.00,94.27,66.86%,Already ≥ 15% profit – bumped $3.00
GALAXY S24,128GB,unlocked,broken,$132.00 ,342.0,61.00,342.00,304.64,24.37,15.00,50.00,215.27,154.27,252.90%,66.00,149.27,226.16%,Already ≥ 15% profit – bumped $5.00
GALAXY S24,256gb,att,flawless,$233.00 ,393.0,200.00,393.00,351.56,28.12,15.00,10.00,298.44,98.44,49.22%,203.00,95.44,47.01%,Already ≥ 15% profit – bumped $3.00
GALAXY S24,256gb,att,good,$197.00 ,393.0,167.00,393.00,351.56,28.12,15.00,10.00,298.44,131.44,78.70%,172.00,126.44,73.51%,Already ≥ 15% profit – bumped $5.00
GALAXY S24,256gb,att,fair,$142.00 ,393.0,100.00,393.00,351.56,28.12,15.00,30.00,278.44,178.44,178.44%,105.00,173.44,165.18%,Already ≥ 15% profit – bumped $5.00
GALAXY S24,256gb,att,broken,$102.00 ,393.0,46.00,393.00,351.56,28.12,15.00,50.00,258.44,212.44,461.82%,51.00,207.44,406.74%,Already ≥ 15% profit – bumped $5.00
GALAXY S24,256gb,verizon,flawless,$215.00 ,393.0,200.00,393.00,351.56,28.12,15.00,10.00,298.44,98.44,49.22%,203.00,95.44,47.01%,Already ≥ 15% profit – bumped $3.00
GALAXY S24,256gb,verizon,good,$193.00 ,393.0,160.00,393.00,351.56,28.12,15.00,10.00,298.44,138.44,86.52%,165.00,133.44,80.87%,Already ≥ 15% profit – bumped $5.00
GALAXY S24,256gb,verizon,fair,$127.00 ,393.0,100.00,393.00,351.56,28.12,15.00,30.00,278.44,178.44,178.44%,105.00,173.44,165.18%,Already ≥ 15% profit – bumped $5.00
GALAXY S24,256gb,verizon,broken,$102.00 ,393.0,46.00,393.00,351.56,28.12,15.00,50.00,258.44,212.44,461.82%,51.00,207.44,406.74%,Already ≥ 15% profit – bumped $5.00
GALAXY S24,256gb,tmobile,flawless,$219.00 ,393.0,185.00,393.00,351.56,28.12,15.00,10.00,298.44,113.44,61.32%,188.00,110.44,58.74%,Already ≥ 15% profit – bumped $3.00
GALAXY S24,256gb,tmobile,good,$186.00 ,393.0,154.00,393.00,351.56,28.12,15.00,10.00,298.44,144.44,93.79%,159.00,139.44,87.70%,Already ≥ 15% profit – bumped $5.00
GALAXY S24,256gb,tmobile,fair,$137.00 ,393.0,97.00,393.00,351.56,28.12,15.00,30.00,278.44,181.44,187.05%,102.00,176.44,172.98%,Already ≥ 15% profit – bumped $5.00
GALAXY S24,256gb,tmobile,broken,$102.00 ,393.0,41.00,393.00,351.56,28.12,15.00,50.00,258.44,217.44,530.33%,46.00,212.44,461.82%,Already ≥ 15% profit – bumped $5.00
GALAXY S24,256gb,unlocked,flawless,$272.02 ,418.0,261.00,418.00,374.56,29.96,15.00,10.00,319.60,58.60,22.45%,262.00,57.60,21.98%,Already ≥ 15% profit – bumped $1.00
GALAXY S24,256gb,unlocked,good,$266.00 ,418.0,229.00,418.00,374.56,29.96,15.00,10.00,319.60,90.60,39.56%,230.00,89.60,38.95%,Already ≥ 15% profit – bumped $1.00
GALAXY S24,256gb,unlocked,fair,$217.00 ,418.0,168.00,418.00,374.56,29.96,15.00,30.00,299.60,131.60,78.33%,173.00,126.60,73.18%,Already ≥ 15% profit – bumped $5.00
GALAXY S24,256gb,unlocked,broken,$142.00 ,418.0,66.00,418.00,374.56,29.96,15.00,50.00,279.60,213.60,323.63%,71.00,208.60,293.80%,Already ≥ 15% profit – bumped $5.00
GALAXY S24 FE,128GB,att,flawless,$164.00 ,274.0,150.00,274.00,242.08,19.37,15.00,10.00,197.71,47.71,31.81%,151.00,46.71,30.94%,Already ≥ 15% profit – bumped $1.00
GALAXY S24 FE,128GB,att,good,$136.00 ,274.0,114.00,274.00,242.08,19.37,15.00,10.00,197.71,83.71,73.43%,117.00,80.71,68.99%,Already ≥ 15% profit – bumped $3.00
GALAXY S24 FE,128GB,att,fair,$92.00 ,274.0,73.00,274.00,242.08,19.37,15.00,30.00,177.71,104.71,143.44%,78.00,99.71,127.84%,Already ≥ 15% profit – bumped $5.00
GALAXY S24 FE,128GB,att,broken,$66.00 ,274.0,46.00,274.00,242.08,19.37,15.00,50.00,157.71,111.71,242.86%,51.00,106.71,209.24%,Already ≥ 15% profit – bumped $5.00
GALAXY S24 FE,128GB,verizon,flawless,$164.00 ,274.0,146.00,274.00,242.08,19.37,15.00,10.00,197.71,51.71,35.42%,147.00,50.71,34.50%,Already ≥ 15% profit – bumped $1.00
GALAXY S24 FE,128GB,verizon,good,$131.00 ,274.0,110.00,274.00,242.08,19.37,15.00,10.00,197.71,87.71,79.74%,115.00,82.71,71.92%,Already ≥ 15% profit – bumped $5.00
GALAXY S24 FE,128GB,verizon,fair,$88.00 ,274.0,73.00,274.00,242.08,19.37,15.00,30.00,177.71,104.71,143.44%,78.00,99.71,127.84%,Already ≥ 15% profit – bumped $5.00
GALAXY S24 FE,128GB,verizon,broken,$61.00 ,274.0,41.00,274.00,242.08,19.37,15.00,50.00,157.71,116.71,284.67%,46.00,111.71,242.86%,Already ≥ 15% profit – bumped $5.00
GALAXY S24 FE,128GB,tmobile,flawless,$148.00 ,274.0,145.00,274.00,242.08,19.37,15.00,10.00,197.71,52.71,36.35%,146.00,51.71,35.42%,Already ≥ 15% profit – bumped $1.00
GALAXY S24 FE,128GB,tmobile,good,$122.00 ,274.0,109.00,274.00,242.08,19.37,15.00,10.00,197.71,88.71,81.39%,114.00,83.71,73.43%,Already ≥ 15% profit – bumped $5.00
GALAXY S24 FE,128GB,tmobile,fair,$92.00 ,274.0,68.00,274.00,242.08,19.37,15.00,30.00,177.71,109.71,161.34%,73.00,104.71,143.44%,Already ≥ 15% profit – bumped $5.00
GALAXY S24 FE,128GB,tmobile,broken,$52.00 ,274.0,31.00,274.00,242.08,19.37,15.00,50.00,157.71,126.71,408.75%,36.00,121.71,338.09%,Already ≥ 15% profit – bumped $5.00
GALAXY S24 FE,128GB,unlocked,flawless,$191.06 ,299.0,181.00,299.00,265.08,21.21,15.00,10.00,218.87,37.87,20.92%,182.00,36.87,20.26%,Already ≥ 15% profit – bumped $1.00
GALAXY S24 FE,128GB,unlocked,good,$191.06 ,299.0,153.00,299.00,265.08,21.21,15.00,10.00,218.87,65.87,43.05%,154.00,64.87,42.13%,Already ≥ 15% profit – bumped $1.00
GALAXY S24 FE,128GB,unlocked,fair,$127.00 ,299.0,93.00,299.00,265.08,21.21,15.00,30.00,198.87,105.87,113.84%,98.00,100.87,102.93%,Already ≥ 15% profit – bumped $5.00
GALAXY S24 FE,128GB,unlocked,broken,$81.00 ,299.0,56.00,299.00,265.08,21.21,15.00,50.00,178.87,122.87,219.42%,61.00,117.87,193.24%,Already ≥ 15% profit – bumped $5.00
GALAXY S24 FE,256gb,att,flawless,$187.00 ,480.0,173.00,480.00,431.60,30.00,15.00,10.00,376.60,203.60,117.69%,178.00,198.60,111.57%,Already ≥ 15% profit – bumped $5.00
GALAXY S24 FE,256gb,att,good,$159.00 ,480.0,134.00,480.00,431.60,30.00,15.00,10.00,376.60,242.60,181.04%,139.00,237.60,170.94%,Already ≥ 15% profit – bumped $5.00
GALAXY S24 FE,256gb,att,fair,$96.00 ,480.0,78.00,480.00,431.60,30.00,15.00,30.00,356.60,278.60,357.18%,83.00,273.60,329.64%,Already ≥ 15% profit – bumped $5.00
GALAXY S24 FE,256gb,att,broken,$71.00 ,480.0,51.00,480.00,431.60,30.00,15.00,50.00,336.60,285.60,560.00%,56.00,280.60,501.07%,Already ≥ 15% profit – bumped $5.00
GALAXY S24 FE,256gb,verizon,flawless,$178.00 ,480.0,173.00,480.00,431.60,30.00,15.00,10.00,376.60,203.60,117.69%,178.00,198.60,111.57%,Already ≥ 15% profit – bumped $5.00
GALAXY S24 FE,256gb,verizon,good,$142.00 ,480.0,130.00,480.00,431.60,30.00,15.00,10.00,376.60,246.60,189.69%,135.00,241.60,178.96%,Already ≥ 15% profit – bumped $5.00
GALAXY S24 FE,256gb,verizon,fair,$96.00 ,480.0,78.00,480.00,431.60,30.00,15.00,30.00,356.60,278.60,357.18%,83.00,273.60,329.64%,Already ≥ 15% profit – bumped $5.00
GALAXY S24 FE,256gb,verizon,broken,$66.00 ,480.0,46.00,480.00,431.60,30.00,15.00,50.00,336.60,290.60,631.74%,51.00,285.60,560.00%,Already ≥ 15% profit – bumped $5.00
GALAXY S24 FE,256gb,tmobile,flawless,$168.00 ,480.0,173.00,480.00,431.60,30.00,15.00,10.00,376.60,203.60,117.69%,178.00,198.60,111.57%,Already ≥ 15% profit – bumped $5.00
GALAXY S24 FE,256gb,tmobile,good,$140.00 ,480.0,130.00,480.00,431.60,30.00,15.00,10.00,376.60,246.60,189.69%,135.00,241.60,178.96%,Already ≥ 15% profit – bumped $5.00
GALAXY S24 FE,256gb,tmobile,fair,$96.00 ,480.0,75.00,480.00,431.60,30.00,15.00,30.00,356.60,281.60,375.47%,80.00,276.60,345.75%,Already ≥ 15% profit – bumped $5.00
GALAXY S24 FE,256gb,tmobile,broken,$56.00 ,480.0,36.00,480.00,431.60,30.00,15.00,50.00,336.60,300.60,835.00%,41.00,295.60,720.98%,Already ≥ 15% profit – bumped $5.00
GALAXY S24 FE,256gb,unlocked,flawless,$205.78 ,505.0,229.00,505.00,454.60,30.00,15.00,10.00,399.60,170.60,74.50%,232.00,167.60,72.24%,Already ≥ 15% profit – bumped $3.00
GALAXY S24 FE,256gb,unlocked,good,$205.78 ,505.0,172.00,505.00,454.60,30.00,15.00,10.00,399.60,227.60,132.33%,177.00,222.60,125.76%,Already ≥ 15% profit – bumped $5.00
GALAXY S24 FE,256gb,unlocked,fair,$147.00 ,505.0,108.00,505.00,454.60,30.00,15.00,30.00,379.60,271.60,251.48%,113.00,266.60,235.93%,Already ≥ 15% profit – bumped $5.00
GALAXY S24 FE,256gb,unlocked,broken,$86.00 ,505.0,61.00,505.00,454.60,30.00,15.00,50.00,359.60,298.60,489.51%,66.00,293.60,444.85%,Already ≥ 15% profit – bumped $5.00
GALAXY S24 ULTRA,256GB,att,flawless,$353.00 ,594.0,364.00,594.00,536.48,30.00,15.00,10.00,481.48,117.48,32.27%,365.00,116.48,31.91%,Already ≥ 15% profit – bumped $1.00
GALAXY S24 ULTRA,256GB,att,good,$314.00 ,594.0,343.00,594.00,536.48,30.00,15.00,10.00,481.48,138.48,40.37%,344.00,137.48,39.97%,Already ≥ 15% profit – bumped $1.00
GALAXY S24 ULTRA,256GB,att,fair,$232.00 ,594.0,233.00,594.00,536.48,30.00,15.00,30.00,461.48,228.48,98.06%,238.00,223.48,93.90%,Already ≥ 15% profit – bumped $5.00
GALAXY S24 ULTRA,256GB,att,broken,$107.00 ,594.0,116.00,594.00,536.48,30.00,15.00,50.00,441.48,325.48,280.59%,121.00,320.48,264.86%,Already ≥ 15% profit – bumped $5.00
GALAXY S24 ULTRA,256GB,verizon,flawless,$333.00 ,594.0,311.00,594.00,536.48,30.00,15.00,10.00,481.48,170.48,54.82%,314.00,167.48,53.34%,Already ≥ 15% profit – bumped $3.00
GALAXY S24 ULTRA,256GB,verizon,good,$306.00 ,594.0,280.00,594.00,536.48,30.00,15.00,10.00,481.48,201.48,71.96%,283.00,198.48,70.13%,Already ≥ 15% profit – bumped $3.00
GALAXY S24 ULTRA,256GB,verizon,fair,$172.00 ,594.0,164.00,594.00,536.48,30.00,15.00,30.00,461.48,297.48,181.39%,169.00,292.48,173.07%,Already ≥ 15% profit – bumped $5.00
GALAXY S24 ULTRA,256GB,verizon,broken,$102.00 ,594.0,116.00,594.00,536.48,30.00,15.00,50.00,441.48,325.48,280.59%,121.00,320.48,264.86%,Already ≥ 15% profit – bumped $5.00
GALAXY S24 ULTRA,256GB,tmobile,flawless,$317.00 ,594.0,334.00,594.00,536.48,30.00,15.00,10.00,481.48,147.48,44.16%,335.00,146.48,43.73%,Already ≥ 15% profit – bumped $1.00
GALAXY S24 ULTRA,256GB,tmobile,good,$315.00 ,594.0,296.00,594.00,536.48,30.00,15.00,10.00,481.48,185.48,62.66%,299.00,182.48,61.03%,Already ≥ 15% profit – bumped $3.00
GALAXY S24 ULTRA,256GB,tmobile,fair,$182.00 ,594.0,193.00,594.00,536.48,30.00,15.00,30.00,461.48,268.48,139.11%,198.00,263.48,133.07%,Already ≥ 15% profit – bumped $5.00
GALAXY S24 ULTRA,256GB,tmobile,broken,$107.00 ,594.0,116.00,594.00,536.48,30.00,15.00,50.00,441.48,325.48,280.59%,121.00,320.48,264.86%,Already ≥ 15% profit – bumped $5.00
GALAXY S24 ULTRA,256GB,unlocked,flawless,$431.48 ,619.0,451.00,619.00,559.48,30.00,15.00,10.00,504.48,53.48,11.86%,439.00,65.48,14.92%,Repriced to hit 15% profit
GALAXY S24 ULTRA,256GB,unlocked,good,$375.00 ,619.0,400.00,619.00,559.48,30.00,15.00,10.00,504.48,104.48,26.12%,401.00,103.48,25.81%,Already ≥ 15% profit – bumped $1.00
GALAXY S24 ULTRA,256GB,unlocked,fair,$332.00 ,619.0,283.00,619.00,559.48,30.00,15.00,30.00,484.48,201.48,71.19%,286.00,198.48,69.40%,Already ≥ 15% profit – bumped $3.00
GALAXY S24 ULTRA,256GB,unlocked,broken,$157.00 ,619.0,131.00,619.00,559.48,30.00,15.00,50.00,464.48,333.48,254.56%,136.00,328.48,241.53%,Already ≥ 15% profit – bumped $5.00
GALAXY S24 ULTRA,512GB,att,flawless,$398.00 ,674.0,384.00,674.00,610.08,30.00,15.00,10.00,555.08,171.08,44.55%,385.00,170.08,44.18%,Already ≥ 15% profit – bumped $1.00
GALAXY S24 ULTRA,512GB,att,good,$337.00 ,674.0,333.00,674.00,610.08,30.00,15.00,10.00,555.08,222.08,66.69%,336.00,219.08,65.20%,Already ≥ 15% profit – bumped $3.00
GALAXY S24 ULTRA,512GB,att,fair,$252.00 ,674.0,253.00,674.00,610.08,30.00,15.00,30.00,535.08,282.08,111.49%,258.00,277.08,107.40%,Already ≥ 15% profit – bumped $5.00
GALAXY S24 ULTRA,512GB,att,broken,$122.00 ,674.0,116.00,674.00,610.08,30.00,15.00,50.00,515.08,399.08,344.03%,121.00,394.08,325.69%,Already ≥ 15% profit – bumped $5.00
GALAXY S24 ULTRA,512GB,verizon,flawless,$360.00 ,674.0,339.00,674.00,610.08,30.00,15.00,10.00,555.08,216.08,63.74%,342.00,213.08,62.30%,Already ≥ 15% profit – bumped $3.00
GALAXY S24 ULTRA,512GB,verizon,good,$309.00 ,674.0,303.00,674.00,610.08,30.00,15.00,10.00,555.08,252.08,83.19%,308.00,247.08,80.22%,Already ≥ 15% profit – bumped $5.00
GALAXY S24 ULTRA,512GB,verizon,fair,$212.00 ,674.0,213.00,674.00,610.08,30.00,15.00,30.00,535.08,322.08,151.21%,218.00,317.08,145.45%,Already ≥ 15% profit – bumped $5.00
GALAXY S24 ULTRA,512GB,verizon,broken,$112.00 ,674.0,116.00,674.00,610.08,30.00,15.00,50.00,515.08,399.08,344.03%,121.00,394.08,325.69%,Already ≥ 15% profit – bumped $5.00
GALAXY S24 ULTRA,512GB,tmobile,flawless,$362.00 ,674.0,354.00,674.00,610.08,30.00,15.00,10.00,555.08,201.08,56.80%,357.00,198.08,55.48%,Already ≥ 15% profit – bumped $3.00
GALAXY S24 ULTRA,512GB,tmobile,good,$293.00 ,674.0,296.00,674.00,610.08,30.00,15.00,10.00,555.08,259.08,87.53%,301.00,254.08,84.41%,Already ≥ 15% profit – bumped $5.00
GALAXY S24 ULTRA,512GB,tmobile,fair,$202.00 ,674.0,213.00,674.00,610.08,30.00,15.00,30.00,535.08,322.08,151.21%,218.00,317.08,145.45%,Already ≥ 15% profit – bumped $5.00
GALAXY S24 ULTRA,512GB,tmobile,broken,$122.00 ,674.0,116.00,674.00,610.08,30.00,15.00,50.00,515.08,399.08,344.03%,121.00,394.08,325.69%,Already ≥ 15% profit – bumped $5.00
GALAXY S24 ULTRA,512GB,unlocked,flawless,$455.48 ,699.0,459.00,699.00,633.08,30.00,15.00,10.00,578.08,119.08,25.94%,460.00,118.08,25.67%,Already ≥ 15% profit – bumped $1.00
GALAXY S24 ULTRA,512GB,unlocked,good,$421.00 ,699.0,418.00,699.00,633.08,30.00,15.00,10.00,578.08,160.08,38.30%,419.00,159.08,37.97%,Already ≥ 15% profit – bumped $1.00
GALAXY S24 ULTRA,512GB,unlocked,fair,$352.00 ,699.0,303.00,699.00,633.08,30.00,15.00,30.00,558.08,255.08,84.18%,308.00,250.08,81.19%,Already ≥ 15% profit – bumped $5.00
GALAXY S24 ULTRA,512GB,unlocked,broken,$172.00 ,699.0,141.00,699.00,633.08,30.00,15.00,50.00,538.08,397.08,281.62%,146.00,392.08,268.55%,Already ≥ 15% profit – bumped $5.00
GALAXY S24 ULTRA,1TB,att,flawless,$398.00 ,772.0,444.00,772.00,700.24,30.00,15.00,10.00,645.24,201.24,45.32%,447.00,198.24,44.35%,Already ≥ 15% profit – bumped $3.00
GALAXY S24 ULTRA,1TB,att,good,$337.00 ,772.0,393.00,772.00,700.24,30.00,15.00,10.00,645.24,252.24,64.18%,396.00,249.24,62.94%,Already ≥ 15% profit – bumped $3.00
GALAXY S24 ULTRA,1TB,att,fair,$252.00 ,772.0,299.00,772.00,700.24,30.00,15.00,30.00,625.24,326.24,109.11%,304.00,321.24,105.67%,Already ≥ 15% profit – bumped $5.00
GALAXY S24 ULTRA,1TB,att,broken,$122.00 ,772.0,116.00,772.00,700.24,30.00,15.00,50.00,605.24,489.24,421.76%,121.00,484.24,400.20%,Already ≥ 15% profit – bumped $5.00
GALAXY S24 ULTRA,1TB,verizon,flawless,$360.00 ,772.0,368.00,772.00,700.24,30.00,15.00,10.00,645.24,277.24,75.34%,373.00,272.24,72.99%,Already ≥ 15% profit – bumped $5.00
GALAXY S24 ULTRA,1TB,verizon,good,$309.00 ,772.0,298.00,772.00,700.24,30.00,15.00,10.00,645.24,347.24,116.52%,303.00,342.24,112.95%,Already ≥ 15% profit – bumped $5.00
GALAXY S24 ULTRA,1TB,verizon,fair,$212.00 ,772.0,203.00,772.00,700.24,30.00,15.00,30.00,625.24,422.24,208.00%,208.00,417.24,200.60%,Already ≥ 15% profit – bumped $5.00
GALAXY S24 ULTRA,1TB,verizon,broken,$112.00 ,772.0,116.00,772.00,700.24,30.00,15.00,50.00,605.24,489.24,421.76%,121.00,484.24,400.20%,Already ≥ 15% profit – bumped $5.00
GALAXY S24 ULTRA,1TB,tmobile,flawless,$362.00 ,772.0,414.00,772.00,700.24,30.00,15.00,10.00,645.24,231.24,55.86%,417.00,228.24,54.73%,Already ≥ 15% profit – bumped $3.00
GALAXY S24 ULTRA,1TB,tmobile,good,$293.00 ,772.0,353.00,772.00,700.24,30.00,15.00,10.00,645.24,292.24,82.79%,358.00,287.24,80.23%,Already ≥ 15% profit – bumped $5.00
GALAXY S24 ULTRA,1TB,tmobile,fair,$202.00 ,772.0,259.00,772.00,700.24,30.00,15.00,30.00,625.24,366.24,141.41%,264.00,361.24,136.83%,Already ≥ 15% profit – bumped $5.00
GALAXY S24 ULTRA,1TB,tmobile,broken,$122.00 ,772.0,116.00,772.00,700.24,30.00,15.00,50.00,605.24,489.24,421.76%,121.00,484.24,400.20%,Already ≥ 15% profit – bumped $5.00
GALAXY S24 ULTRA,1TB,unlocked,flawless,$455.48 ,797.0,503.00,797.00,723.24,30.00,15.00,10.00,668.24,165.24,32.85%,504.00,164.24,32.59%,Already ≥ 15% profit – bumped $1.00
GALAXY S24 ULTRA,1TB,unlocked,good,$421.00 ,797.0,460.00,797.00,723.24,30.00,15.00,10.00,668.24,208.24,45.27%,463.00,205.24,44.33%,Already ≥ 15% profit – bumped $3.00
GALAXY S24 ULTRA,1TB,unlocked,fair,$352.00 ,797.0,363.00,797.00,723.24,30.00,15.00,30.00,648.24,285.24,78.58%,368.00,280.24,76.15%,Already ≥ 15% profit – bumped $5.00
GALAXY S24 ULTRA,1TB,unlocked,broken,$172.00 ,797.0,146.00,797.00,723.24,30.00,15.00,50.00,628.24,482.24,330.30%,151.00,477.24,316.05%,Already ≥ 15% profit – bumped $5.00
GALAXY S24+,256GB,att,flawless,$264.00 ,404.0,205.00,404.00,361.68,28.93,15.00,10.00,307.75,102.75,50.12%,208.00,99.75,47.95%,Already ≥ 15% profit – bumped $3.00
GALAXY S24+,256GB,att,good,$231.00 ,404.0,169.00,404.00,361.68,28.93,15.00,10.00,307.75,138.75,82.10%,174.00,133.75,76.87%,Already ≥ 15% profit – bumped $5.00
GALAXY S24+,256GB,att,fair,$147.00 ,404.0,108.00,404.00,361.68,28.93,15.00,30.00,287.75,179.75,166.43%,113.00,174.75,154.64%,Already ≥ 15% profit – bumped $5.00
GALAXY S24+,256GB,att,broken,$91.00 ,404.0,71.00,404.00,361.68,28.93,15.00,50.00,267.75,196.75,277.11%,76.00,191.75,252.30%,Already ≥ 15% profit – bumped $5.00
GALAXY S24+,256GB,verizon,flawless,$242.00 ,404.0,200.00,404.00,361.68,28.93,15.00,10.00,307.75,107.75,53.87%,203.00,104.75,51.60%,Already ≥ 15% profit – bumped $3.00
GALAXY S24+,256GB,verizon,good,$223.00 ,404.0,168.00,404.00,361.68,28.93,15.00,10.00,307.75,139.75,83.18%,173.00,134.75,77.89%,Already ≥ 15% profit – bumped $5.00
GALAXY S24+,256GB,verizon,fair,$152.00 ,404.0,118.00,404.00,361.68,28.93,15.00,30.00,287.75,169.75,143.85%,123.00,164.75,133.94%,Already ≥ 15% profit – bumped $5.00
GALAXY S24+,256GB,verizon,broken,$86.00 ,404.0,66.00,404.00,361.68,28.93,15.00,50.00,267.75,201.75,305.68%,71.00,196.75,277.11%,Already ≥ 15% profit – bumped $5.00
GALAXY S24+,256GB,tmobile,flawless,$231.00 ,404.0,192.00,404.00,361.68,28.93,15.00,10.00,307.75,115.75,60.28%,195.00,112.75,57.82%,Already ≥ 15% profit – bumped $3.00
GALAXY S24+,256GB,tmobile,good,$211.00 ,404.0,154.00,404.00,361.68,28.93,15.00,10.00,307.75,153.75,99.83%,159.00,148.75,93.55%,Already ≥ 15% profit – bumped $5.00
GALAXY S24+,256GB,tmobile,fair,$142.00 ,404.0,108.00,404.00,361.68,28.93,15.00,30.00,287.75,179.75,166.43%,113.00,174.75,154.64%,Already ≥ 15% profit – bumped $5.00
GALAXY S24+,256GB,tmobile,broken,$77.00 ,404.0,56.00,404.00,361.68,28.93,15.00,50.00,267.75,211.75,378.12%,61.00,206.75,338.93%,Already ≥ 15% profit – bumped $5.00
GALAXY S24+,256GB,unlocked,flawless,$287.48 ,429.0,277.00,429.00,384.68,30.00,15.00,10.00,329.68,52.68,19.02%,278.00,51.68,18.59%,Already ≥ 15% profit – bumped $1.00
GALAXY S24+,256GB,unlocked,good,$287.48 ,429.0,244.00,429.00,384.68,30.00,15.00,10.00,329.68,85.68,35.11%,245.00,84.68,34.56%,Already ≥ 15% profit – bumped $1.00
GALAXY S24+,256GB,unlocked,fair,$222.00 ,429.0,168.00,429.00,384.68,30.00,15.00,30.00,309.68,141.68,84.33%,173.00,136.68,79.01%,Already ≥ 15% profit – bumped $5.00
GALAXY S24+,256GB,unlocked,broken,$107.00 ,429.0,90.00,429.00,384.68,30.00,15.00,50.00,289.68,199.68,221.87%,95.00,194.68,204.93%,Already ≥ 15% profit – bumped $5.00
GALAXY S24+,512GB,att,flawless,$336.00 ,484.0,263.00,484.00,435.28,30.00,15.00,10.00,380.28,117.28,44.59%,264.00,116.28,44.05%,Already ≥ 15% profit – bumped $1.00
GALAXY S24+,512GB,att,good,$281.00 ,484.0,232.00,484.00,435.28,30.00,15.00,10.00,380.28,148.28,63.91%,235.00,145.28,61.82%,Already ≥ 15% profit – bumped $3.00
GALAXY S24+,512GB,att,fair,$217.00 ,484.0,128.00,484.00,435.28,30.00,15.00,30.00,360.28,232.28,181.47%,133.00,227.28,170.89%,Already ≥ 15% profit – bumped $5.00
GALAXY S24+,512GB,att,broken,$101.00 ,484.0,76.00,484.00,435.28,30.00,15.00,50.00,340.28,264.28,347.74%,81.00,259.28,320.10%,Already ≥ 15% profit – bumped $5.00
GALAXY S24+,512GB,verizon,flawless,$284.00 ,484.0,249.00,484.00,435.28,30.00,15.00,10.00,380.28,131.28,52.72%,252.00,128.28,50.90%,Already ≥ 15% profit – bumped $3.00
GALAXY S24+,512GB,verizon,good,$259.00 ,484.0,218.00,484.00,435.28,30.00,15.00,10.00,380.28,162.28,74.44%,221.00,159.28,72.07%,Already ≥ 15% profit – bumped $3.00
GALAXY S24+,512GB,verizon,fair,$187.00 ,484.0,120.00,484.00,435.28,30.00,15.00,30.00,360.28,240.28,200.23%,125.00,235.28,188.22%,Already ≥ 15% profit – bumped $5.00
GALAXY S24+,512GB,verizon,broken,$101.00 ,484.0,76.00,484.00,435.28,30.00,15.00,50.00,340.28,264.28,347.74%,81.00,259.28,320.10%,Already ≥ 15% profit – bumped $5.00
GALAXY S24+,512GB,tmobile,flawless,$273.00 ,484.0,229.00,484.00,435.28,30.00,15.00,10.00,380.28,151.28,66.06%,232.00,148.28,63.91%,Already ≥ 15% profit – bumped $3.00
GALAXY S24+,512GB,tmobile,good,$251.00 ,484.0,206.00,484.00,435.28,30.00,15.00,10.00,380.28,174.28,84.60%,211.00,169.28,80.23%,Already ≥ 15% profit – bumped $5.00
GALAXY S24+,512GB,tmobile,fair,$192.00 ,484.0,118.00,484.00,435.28,30.00,15.00,30.00,360.28,242.28,205.32%,123.00,237.28,192.91%,Already ≥ 15% profit – bumped $5.00
GALAXY S24+,512GB,tmobile,broken,$82.00 ,484.0,66.00,484.00,435.28,30.00,15.00,50.00,340.28,274.28,415.58%,71.00,269.28,379.27%,Already ≥ 15% profit – bumped $5.00
GALAXY S24+,512GB,unlocked,flawless,$371.48 ,509.0,323.00,509.00,458.28,30.00,15.00,10.00,403.28,80.28,24.85%,324.00,79.28,24.47%,Already ≥ 15% profit – bumped $1.00
GALAXY S24+,512GB,unlocked,good,$351.00 ,509.0,292.00,509.00,458.28,30.00,15.00,10.00,403.28,111.28,38.11%,293.00,110.28,37.64%,Already ≥ 15% profit – bumped $1.00
GALAXY S24+,512GB,unlocked,fair,$292.00 ,509.0,198.00,509.00,458.28,30.00,15.00,30.00,383.28,185.28,93.58%,203.00,180.28,88.81%,Already ≥ 15% profit – bumped $5.00
GALAXY S24+,512GB,unlocked,broken,$117.00 ,509.0,102.00,509.00,458.28,30.00,15.00,50.00,363.28,261.28,256.16%,107.00,256.28,239.51%,Already ≥ 15% profit – bumped $5.00
GALAXY S25,128GB,att,flawless,$295.48 ,374.0,290.00,374.00,334.08,26.73,15.00,10.00,282.35,-7.65,-2.64%,246.00,36.35,14.78%,Repriced to hit 15% profit
GALAXY S25,128GB,att,good,$275.00 ,374.0,246.00,374.00,334.08,26.73,15.00,10.00,282.35,36.35,14.78%,231.00,51.35,22.23%,Repriced to hit 15% profit; capped good to stay $15.00 below flawless
GALAXY S25,128GB,att,fair,$177.00 ,374.0,143.00,374.00,334.08,26.73,15.00,30.00,262.35,119.35,83.46%,148.00,114.35,77.27%,Already ≥ 15% profit – bumped $5.00
GALAXY S25,128GB,att,broken,$81.00 ,374.0,71.00,374.00,334.08,26.73,15.00,50.00,242.35,171.35,241.34%,76.00,166.35,218.89%,Already ≥ 15% profit – bumped $5.00
GALAXY S25,128GB,verizon,flawless,$295.48 ,374.0,266.00,374.00,334.08,26.73,15.00,10.00,282.35,16.35,6.15%,246.00,36.35,14.78%,Repriced to hit 15% profit
GALAXY S25,128GB,verizon,good,$258.00 ,374.0,226.00,374.00,334.08,26.73,15.00,10.00,282.35,56.35,24.94%,227.00,55.35,24.38%,Already ≥ 15% profit – bumped $1.00
GALAXY S25,128GB,verizon,fair,$169.00 ,374.0,135.00,374.00,334.08,26.73,15.00,30.00,262.35,127.35,94.34%,140.00,122.35,87.40%,Already ≥ 15% profit – bumped $5.00
GALAXY S25,128GB,verizon,broken,$81.00 ,374.0,71.00,374.00,334.08,26.73,15.00,50.00,242.35,171.35,241.34%,76.00,166.35,218.89%,Already ≥ 15% profit – bumped $5.00
GALAXY S25,128GB,tmobile,flawless,$284.00 ,374.0,244.00,374.00,334.08,26.73,15.00,10.00,282.35,38.35,15.72%,245.00,37.35,15.25%,Already ≥ 15% profit – bumped $1.00
GALAXY S25,128GB,tmobile,good,$240.00 ,374.0,207.00,374.00,334.08,26.73,15.00,10.00,282.35,75.35,36.40%,208.00,74.35,35.75%,Already ≥ 15% profit – bumped $1.00
GALAXY S25,128GB,tmobile,fair,$152.00 ,374.0,133.00,374.00,334.08,26.73,15.00,30.00,262.35,129.35,97.26%,138.00,124.35,90.11%,Already ≥ 15% profit – bumped $5.00
GALAXY S25,128GB,tmobile,broken,$76.00 ,374.0,71.00,374.00,334.08,26.73,15.00,50.00,242.35,171.35,241.34%,76.00,166.35,218.89%,Already ≥ 15% profit – bumped $5.00
GALAXY S25,128GB,unlocked,flawless,$295.48 ,399.0,340.00,399.00,357.08,28.57,15.00,10.00,303.51,-36.49,-10.73%,264.00,39.51,14.97%,Repriced to hit 15% profit
GALAXY S25,128GB,unlocked,good,$295.48 ,399.0,319.00,399.00,357.08,28.57,15.00,10.00,303.51,-15.49,-4.85%,249.00,54.51,21.89%,Repriced to hit 15% profit; capped good to stay $15.00 below flawless
GALAXY S25,128GB,unlocked,fair,$252.00 ,399.0,218.00,399.00,357.08,28.57,15.00,30.00,283.51,65.51,30.05%,219.00,64.51,29.46%,Already ≥ 15% profit – bumped $1.00
GALAXY S25,128GB,unlocked,broken,$87.00 ,399.0,71.00,399.00,357.08,28.57,15.00,50.00,263.51,192.51,271.15%,76.00,187.51,246.73%,Already ≥ 15% profit – bumped $5.00
GALAXY S25,256gb,att,flawless,$344.00 ,552.0,320.00,552.00,497.84,30.00,15.00,10.00,442.84,122.84,38.39%,321.00,121.84,37.96%,Already ≥ 15% profit – bumped $1.00
GALAXY S25,256gb,att,good,$290.00 ,552.0,272.00,552.00,497.84,30.00,15.00,10.00,442.84,170.84,62.81%,275.00,167.84,61.03%,Already ≥ 15% profit – bumped $3.00
GALAXY S25,256gb,att,fair,$207.00 ,552.0,183.00,552.00,497.84,30.00,15.00,30.00,422.84,239.84,131.06%,188.00,234.84,124.91%,Already ≥ 15% profit – bumped $5.00
GALAXY S25,256gb,att,broken,$91.00 ,552.0,71.00,552.00,497.84,30.00,15.00,50.00,402.84,331.84,467.38%,76.00,326.84,430.05%,Already ≥ 15% profit – bumped $5.00
GALAXY S25,256gb,verizon,flawless,$323.00 ,552.0,299.00,552.00,497.84,30.00,15.00,10.00,442.84,143.84,48.11%,302.00,140.84,46.64%,Already ≥ 15% profit – bumped $3.00
GALAXY S25,256gb,verizon,good,$283.00 ,552.0,268.00,552.00,497.84,30.00,15.00,10.00,442.84,174.84,65.24%,271.00,171.84,63.41%,Already ≥ 15% profit – bumped $3.00
GALAXY S25,256gb,verizon,fair,$169.00 ,552.0,135.00,552.00,497.84,30.00,15.00,30.00,422.84,287.84,213.21%,140.00,282.84,202.03%,Already ≥ 15% profit – bumped $5.00
GALAXY S25,256gb,verizon,broken,$91.00 ,552.0,71.00,552.00,497.84,30.00,15.00,50.00,402.84,331.84,467.38%,76.00,326.84,430.05%,Already ≥ 15% profit – bumped $5.00
GALAXY S25,256gb,tmobile,flawless,$316.00 ,552.0,299.00,552.00,497.84,30.00,15.00,10.00,442.84,143.84,48.11%,302.00,140.84,46.64%,Already ≥ 15% profit – bumped $3.00
GALAXY S25,256gb,tmobile,good,$267.00 ,552.0,254.00,552.00,497.84,30.00,15.00,10.00,442.84,188.84,74.35%,257.00,185.84,72.31%,Already ≥ 15% profit – bumped $3.00
GALAXY S25,256gb,tmobile,fair,$182.00 ,552.0,158.00,552.00,497.84,30.00,15.00,30.00,422.84,264.84,167.62%,163.00,259.84,159.41%,Already ≥ 15% profit – bumped $5.00
GALAXY S25,256gb,tmobile,broken,$86.00 ,552.0,71.00,552.00,497.84,30.00,15.00,50.00,402.84,331.84,467.38%,76.00,326.84,430.05%,Already ≥ 15% profit – bumped $5.00
GALAXY S25,256gb,unlocked,flawless,$375.48 ,577.0,401.00,577.00,520.84,30.00,15.00,10.00,465.84,64.84,16.17%,402.00,63.84,15.88%,Already ≥ 15% profit – bumped $1.00
GALAXY S25,256gb,unlocked,good,$351.00 ,577.0,360.00,577.00,520.84,30.00,15.00,10.00,465.84,105.84,29.40%,361.00,104.84,29.04%,Already ≥ 15% profit – bumped $1.00
GALAXY S25,256gb,unlocked,fair,$282.00 ,577.0,258.00,577.00,520.84,30.00,15.00,30.00,445.84,187.84,72.81%,261.00,184.84,70.82%,Already ≥ 15% profit – bumped $3.00
GALAXY S25,256gb,unlocked,broken,$97.00 ,577.0,111.00,577.00,520.84,30.00,15.00,50.00,425.84,314.84,283.64%,116.00,309.84,267.10%,Already ≥ 15% profit – bumped $5.00
GALAXY S25 EDGE,256gb,att,flawless,$367.00 ,504.0,320.00,504.00,453.68,30.00,15.00,10.00,398.68,78.68,24.59%,321.00,77.68,24.20%,Already ≥ 15% profit – bumped $1.00
GALAXY S25 EDGE,256gb,att,good,$316.00 ,504.0,262.00,504.00,453.68,30.00,15.00,10.00,398.68,136.68,52.17%,265.00,133.68,50.45%,Already ≥ 15% profit – bumped $3.00
GALAXY S25 EDGE,256gb,att,fair,$227.00 ,504.0,193.00,504.00,453.68,30.00,15.00,30.00,378.68,185.68,96.21%,198.00,180.68,91.25%,Already ≥ 15% profit – bumped $5.00
GALAXY S25 EDGE,256gb,att,broken,$92.00 ,504.0,81.00,504.00,453.68,30.00,15.00,50.00,358.68,277.68,342.81%,86.00,272.68,317.07%,Already ≥ 15% profit – bumped $5.00
GALAXY S25 EDGE,256gb,verizon,flawless,$363.00 ,504.0,323.00,504.00,453.68,30.00,15.00,10.00,398.68,75.68,23.43%,324.00,74.68,23.05%,Already ≥ 15% profit – bumped $1.00
GALAXY S25 EDGE,256gb,verizon,good,$312.00 ,504.0,265.00,504.00,453.68,30.00,15.00,10.00,398.68,133.68,50.45%,268.00,130.68,48.76%,Already ≥ 15% profit – bumped $3.00
GALAXY S25 EDGE,256gb,verizon,fair,$202.00 ,504.0,193.00,504.00,453.68,30.00,15.00,30.00,378.68,185.68,96.21%,198.00,180.68,91.25%,Already ≥ 15% profit – bumped $5.00
GALAXY S25 EDGE,256gb,verizon,broken,$87.00 ,504.0,76.00,504.00,453.68,30.00,15.00,50.00,358.68,282.68,371.95%,81.00,277.68,342.81%,Already ≥ 15% profit – bumped $5.00
GALAXY S25 EDGE,256gb,tmobile,flawless,$392.00 ,504.0,309.00,504.00,453.68,30.00,15.00,10.00,398.68,89.68,29.02%,310.00,88.68,28.61%,Already ≥ 15% profit – bumped $1.00
GALAXY S25 EDGE,256gb,tmobile,good,$341.00 ,504.0,263.00,504.00,453.68,30.00,15.00,10.00,398.68,135.68,51.59%,266.00,132.68,49.88%,Already ≥ 15% profit – bumped $3.00
GALAXY S25 EDGE,256gb,tmobile,fair,$252.00 ,504.0,193.00,504.00,453.68,30.00,15.00,30.00,378.68,185.68,96.21%,198.00,180.68,91.25%,Already ≥ 15% profit – bumped $5.00
GALAXY S25 EDGE,256gb,tmobile,broken,$87.00 ,504.0,85.00,504.00,453.68,30.00,15.00,50.00,358.68,273.68,321.98%,90.00,268.68,298.53%,Already ≥ 15% profit – bumped $5.00
GALAXY S25 EDGE,256gb,unlocked,flawless,$399.48 ,529.0,364.00,529.00,476.68,30.00,15.00,10.00,421.68,57.68,15.85%,365.00,56.68,15.53%,Already ≥ 15% profit – bumped $1.00
GALAXY S25 EDGE,256gb,unlocked,good,$399.48 ,529.0,314.00,529.00,476.68,30.00,15.00,10.00,421.68,107.68,34.29%,315.00,106.68,33.87%,Already ≥ 15% profit – bumped $1.00
GALAXY S25 EDGE,256gb,unlocked,fair,$352.00 ,529.0,243.00,529.00,476.68,30.00,15.00,30.00,401.68,158.68,65.30%,246.00,155.68,63.28%,Already ≥ 15% profit – bumped $3.00
GALAXY S25 EDGE,256gb,unlocked,broken,$107.00 ,529.0,114.00,529.00,476.68,30.00,15.00,50.00,381.68,267.68,234.81%,119.00,262.68,220.74%,Already ≥ 15% profit – bumped $5.00
GALAXY S25 EDGE,512GB,att,flawless,$392.00 ,589.0,329.00,589.00,531.88,30.00,15.00,10.00,476.88,147.88,44.95%,330.00,146.88,44.51%,Already ≥ 15% profit – bumped $1.00
GALAXY S25 EDGE,512GB,att,good,$341.00 ,589.0,275.00,589.00,531.88,30.00,15.00,10.00,476.88,201.88,73.41%,278.00,198.88,71.54%,Already ≥ 15% profit – bumped $3.00
GALAXY S25 EDGE,512GB,att,fair,$252.00 ,589.0,223.00,589.00,531.88,30.00,15.00,30.00,456.88,233.88,104.88%,228.00,228.88,100.39%,Already ≥ 15% profit – bumped $5.00
GALAXY S25 EDGE,512GB,att,broken,$92.00 ,589.0,82.00,589.00,531.88,30.00,15.00,50.00,436.88,354.88,432.78%,87.00,349.88,402.16%,Already ≥ 15% profit – bumped $5.00
GALAXY S25 EDGE,512GB,verizon,flawless,$368.00 ,589.0,329.00,589.00,531.88,30.00,15.00,10.00,476.88,147.88,44.95%,330.00,146.88,44.51%,Already ≥ 15% profit – bumped $1.00
GALAXY S25 EDGE,512GB,verizon,good,$317.00 ,589.0,269.00,589.00,531.88,30.00,15.00,10.00,476.88,207.88,77.28%,274.00,202.88,74.04%,Already ≥ 15% profit – bumped $5.00
GALAXY S25 EDGE,512GB,verizon,fair,$232.00 ,589.0,223.00,589.00,531.88,30.00,15.00,30.00,456.88,233.88,104.88%,228.00,228.88,100.39%,Already ≥ 15% profit – bumped $5.00
GALAXY S25 EDGE,512GB,verizon,broken,$92.00 ,589.0,81.00,589.00,531.88,30.00,15.00,50.00,436.88,355.88,439.36%,86.00,350.88,408.00%,Already ≥ 15% profit – bumped $5.00
GALAXY S25 EDGE,512GB,tmobile,flawless,$417.00 ,589.0,325.00,589.00,531.88,30.00,15.00,10.00,476.88,151.88,46.73%,328.00,148.88,45.39%,Already ≥ 15% profit – bumped $3.00
GALAXY S25 EDGE,512GB,tmobile,good,$366.00 ,589.0,277.00,589.00,531.88,30.00,15.00,10.00,476.88,199.88,72.16%,280.00,196.88,70.31%,Already ≥ 15% profit – bumped $3.00
GALAXY S25 EDGE,512GB,tmobile,fair,$277.00 ,589.0,213.00,589.00,531.88,30.00,15.00,30.00,456.88,243.88,114.50%,218.00,238.88,109.58%,Already ≥ 15% profit – bumped $5.00
GALAXY S25 EDGE,512GB,tmobile,broken,$92.00 ,589.0,87.00,589.00,531.88,30.00,15.00,50.00,436.88,349.88,402.16%,92.00,344.88,374.87%,Already ≥ 15% profit – bumped $5.00
GALAXY S25 EDGE,512GB,unlocked,flawless,$479.48 ,614.0,390.00,614.00,554.88,30.00,15.00,10.00,499.88,109.88,28.17%,391.00,108.88,27.85%,Already ≥ 15% profit – bumped $1.00
GALAXY S25 EDGE,512GB,unlocked,good,$466.00 ,614.0,344.00,614.00,554.88,30.00,15.00,10.00,499.88,155.88,45.31%,347.00,152.88,44.06%,Already ≥ 15% profit – bumped $3.00
GALAXY S25 EDGE,512GB,unlocked,fair,$377.00 ,614.0,273.00,614.00,554.88,30.00,15.00,30.00,479.88,206.88,75.78%,278.00,201.88,72.62%,Already ≥ 15% profit – bumped $5.00
GALAXY S25 EDGE,512GB,unlocked,broken,$117.00 ,614.0,122.00,614.00,554.88,30.00,15.00,50.00,459.88,337.88,276.95%,127.00,332.88,262.11%,Already ≥ 15% profit – bumped $5.00
GALAXY S25 ULTRA,128GB,att,flawless,$539.00 ,$766.97 ,280.00,766.97,695.61,30.00,15.00,10.00,640.61,360.61,128.79%,285.00,355.61,124.78%,Already ≥ 15% profit – bumped $5.00
GALAXY S25 ULTRA,128GB,att,good,$496.00 ,$766.97 ,235.00,766.97,695.61,30.00,15.00,10.00,640.61,405.61,172.60%,240.00,400.61,166.92%,Already ≥ 15% profit – bumped $5.00
GALAXY S25 ULTRA,128GB,att,fair,$421.00 ,$766.97 ,65.00,766.97,695.61,30.00,15.00,30.00,620.61,555.61,854.79%,70.00,550.61,786.59%,Already ≥ 15% profit – bumped $5.00
GALAXY S25 ULTRA,128GB,att,broken,$191.00 ,$766.97 ,65.00,766.97,695.61,30.00,15.00,50.00,600.61,535.61,824.02%,70.00,530.61,758.02%,Already ≥ 15% profit – bumped $5.00
GALAXY S25 ULTRA,128GB,verizon,flawless,$538.00 ,$766.97 ,280.00,766.97,695.61,30.00,15.00,10.00,640.61,360.61,128.79%,285.00,355.61,124.78%,Already ≥ 15% profit – bumped $5.00
GALAXY S25 ULTRA,128GB,verizon,good,$468.00 ,$766.97 ,235.00,766.97,695.61,30.00,15.00,10.00,640.61,405.61,172.60%,240.00,400.61,166.92%,Already ≥ 15% profit – bumped $5.00
GALAXY S25 ULTRA,128GB,verizon,fair,$402.00 ,$766.97 ,65.00,766.97,695.61,30.00,15.00,30.00,620.61,555.61,854.79%,70.00,550.61,786.59%,Already ≥ 15% profit – bumped $5.00
GALAXY S25 ULTRA,128GB,verizon,broken,$215.00 ,$766.97 ,65.00,766.97,695.61,30.00,15.00,50.00,600.61,535.61,824.02%,70.00,530.61,758.02%,Already ≥ 15% profit – bumped $5.00
GALAXY S25 ULTRA,128GB,tmobile,flawless,$488.00 ,$766.97 ,280.00,766.97,695.61,30.00,15.00,10.00,640.61,360.61,128.79%,285.00,355.61,124.78%,Already ≥ 15% profit – bumped $5.00
GALAXY S25 ULTRA,128GB,tmobile,good,$446.00 ,$766.97 ,235.00,766.97,695.61,30.00,15.00,10.00,640.61,405.61,172.60%,240.00,400.61,166.92%,Already ≥ 15% profit – bumped $5.00
GALAXY S25 ULTRA,128GB,tmobile,fair,$372.00 ,$766.97 ,65.00,766.97,695.61,30.00,15.00,30.00,620.61,555.61,854.79%,70.00,550.61,786.59%,Already ≥ 15% profit – bumped $5.00
GALAXY S25 ULTRA,128GB,tmobile,broken,$191.00 ,$766.97 ,65.00,766.97,695.61,30.00,15.00,50.00,600.61,535.61,824.02%,70.00,530.61,758.02%,Already ≥ 15% profit – bumped $5.00
GALAXY S25 ULTRA,128GB,unlocked,flawless,$575.48 ,$786.97 ,280.00,786.97,714.01,30.00,15.00,10.00,659.01,379.01,135.36%,285.00,374.01,131.23%,Already ≥ 15% profit – bumped $5.00
GALAXY S25 ULTRA,128GB,unlocked,good,$575.48 ,$786.97 ,235.00,786.97,714.01,30.00,15.00,10.00,659.01,424.01,180.43%,240.00,419.01,174.59%,Already ≥ 15% profit – bumped $5.00
GALAXY S25 ULTRA,128GB,unlocked,fair,$521.00 ,$786.97 ,65.00,786.97,714.01,30.00,15.00,30.00,639.01,574.01,883.10%,70.00,569.01,812.87%,Already ≥ 15% profit – bumped $5.00
GALAXY S25 ULTRA,128GB,unlocked,broken,$202.00 ,$786.97 ,65.00,786.97,714.01,30.00,15.00,50.00,619.01,554.01,852.33%,70.00,549.01,784.30%,Already ≥ 15% profit – bumped $5.00
GALAXY S25 ULTRA,256GB,att,flawless,$539.00 ,815.0,480.00,815.00,739.80,30.00,15.00,10.00,684.80,204.80,42.67%,481.00,203.80,42.37%,Already ≥ 15% profit – bumped $1.00
GALAXY S25 ULTRA,256GB,att,good,$496.00 ,815.0,438.00,815.00,739.80,30.00,15.00,10.00,684.80,246.80,56.35%,441.00,243.80,55.28%,Already ≥ 15% profit – bumped $3.00
GALAXY S25 ULTRA,256GB,att,fair,$421.00 ,815.0,358.00,815.00,739.80,30.00,15.00,30.00,664.80,306.80,85.70%,363.00,301.80,83.14%,Already ≥ 15% profit – bumped $5.00
GALAXY S25 ULTRA,256GB,att,broken,$191.00 ,815.0,151.00,815.00,739.80,30.00,15.00,50.00,644.80,493.80,327.02%,156.00,488.80,313.33%,Already ≥ 15% profit – bumped $5.00
GALAXY S25 ULTRA,256GB,verizon,flawless,$538.00 ,815.0,444.00,815.00,739.80,30.00,15.00,10.00,684.80,240.80,54.23%,447.00,237.80,53.20%,Already ≥ 15% profit – bumped $3.00
GALAXY S25 ULTRA,256GB,verizon,good,$468.00 ,815.0,378.00,815.00,739.80,30.00,15.00,10.00,684.80,306.80,81.16%,383.00,301.80,78.80%,Already ≥ 15% profit – bumped $5.00
GALAXY S25 ULTRA,256GB,verizon,fair,$402.00 ,815.0,255.00,815.00,739.80,30.00,15.00,30.00,664.80,409.80,160.71%,260.00,404.80,155.69%,Already ≥ 15% profit – bumped $5.00
GALAXY S25 ULTRA,256GB,verizon,broken,$215.00 ,815.0,151.00,815.00,739.80,30.00,15.00,50.00,644.80,493.80,327.02%,156.00,488.80,313.33%,Already ≥ 15% profit – bumped $5.00
GALAXY S25 ULTRA,256GB,tmobile,flawless,$488.00 ,815.0,429.00,815.00,739.80,30.00,15.00,10.00,684.80,255.80,59.63%,432.00,252.80,58.52%,Already ≥ 15% profit – bumped $3.00
GALAXY S25 ULTRA,256GB,tmobile,good,$446.00 ,815.0,388.00,815.00,739.80,30.00,15.00,10.00,684.80,296.80,76.49%,393.00,291.80,74.25%,Already ≥ 15% profit – bumped $5.00
GALAXY S25 ULTRA,256GB,tmobile,fair,$372.00 ,815.0,309.00,815.00,739.80,30.00,15.00,30.00,664.80,355.80,115.15%,314.00,350.80,111.72%,Already ≥ 15% profit – bumped $5.00
GALAXY S25 ULTRA,256GB,tmobile,broken,$191.00 ,815.0,151.00,815.00,739.80,30.00,15.00,50.00,644.80,493.80,327.02%,156.00,488.80,313.33%,Already ≥ 15% profit – bumped $5.00
GALAXY S25 ULTRA,256GB,unlocked,flawless,$575.48 ,840.0,570.00,840.00,762.80,30.00,15.00,10.00,707.80,137.80,24.18%,571.00,136.80,23.96%,Already ≥ 15% profit – bumped $1.00
GALAXY S25 ULTRA,256GB,unlocked,good,$575.48 ,840.0,528.00,840.00,762.80,30.00,15.00,10.00,707.80,179.80,34.05%,529.00,178.80,33.80%,Already ≥ 15% profit – bumped $1.00
GALAXY S25 ULTRA,256GB,unlocked,fair,$521.00 ,840.0,387.99,840.00,762.80,30.00,15.00,30.00,687.80,299.81,77.27%,393.00,294.80,75.01%,Already ≥ 15% profit – bumped $5.00
GALAXY S25 ULTRA,256GB,unlocked,broken,$202.00 ,840.0,165.00,840.00,762.80,30.00,15.00,50.00,667.80,502.80,304.73%,170.00,497.80,292.82%,Already ≥ 15% profit – bumped $5.00
GALAXY S25 ULTRA,512GB,att,flawless,$574.00 ,888.41,510.00,888.41,807.34,30.00,15.00,10.00,752.34,242.34,47.52%,513.00,239.34,46.65%,Already ≥ 15% profit – bumped $3.00
GALAXY S25 ULTRA,512GB,att,good,$526.00 ,888.41,458.00,888.41,807.34,30.00,15.00,10.00,752.34,294.34,64.27%,461.00,291.34,63.20%,Already ≥ 15% profit – bumped $3.00
GALAXY S25 ULTRA,512GB,att,fair,$476.00 ,888.41,394.00,888.41,807.34,30.00,15.00,30.00,732.34,338.34,85.87%,399.00,333.34,83.54%,Already ≥ 15% profit – bumped $5.00
GALAXY S25 ULTRA,512GB,att,broken,$211.00 ,888.41,171.00,888.41,807.34,30.00,15.00,50.00,712.34,541.34,316.57%,176.00,536.34,304.74%,Already ≥ 15% profit – bumped $5.00
GALAXY S25 ULTRA,512GB,verizon,flawless,$596.00 ,888.41,455.00,888.41,807.34,30.00,15.00,10.00,752.34,297.34,65.35%,458.00,294.34,64.27%,Already ≥ 15% profit – bumped $3.00
GALAXY S25 ULTRA,512GB,verizon,good,$529.00 ,888.41,406.00,888.41,807.34,30.00,15.00,10.00,752.34,346.34,85.30%,411.00,341.34,83.05%,Already ≥ 15% profit – bumped $5.00
GALAXY S25 ULTRA,512GB,verizon,fair,$479.00 ,888.41,290.00,888.41,807.34,30.00,15.00,30.00,732.34,442.34,152.53%,295.00,437.34,148.25%,Already ≥ 15% profit – bumped $5.00
GALAXY S25 ULTRA,512GB,verizon,broken,$235.00 ,888.41,171.00,888.41,807.34,30.00,15.00,50.00,712.34,541.34,316.57%,176.00,536.34,304.74%,Already ≥ 15% profit – bumped $5.00
GALAXY S25 ULTRA,512GB,tmobile,flawless,$523.00 ,888.41,460.00,888.41,807.34,30.00,15.00,10.00,752.34,292.34,63.55%,463.00,289.34,62.49%,Already ≥ 15% profit – bumped $3.00
GALAXY S25 ULTRA,512GB,tmobile,good,$484.00 ,888.41,414.00,888.41,807.34,30.00,15.00,10.00,752.34,338.34,81.72%,419.00,333.34,79.56%,Already ≥ 15% profit – bumped $5.00
GALAXY S25 ULTRA,512GB,tmobile,fair,$426.00 ,888.41,343.00,888.41,807.34,30.00,15.00,30.00,732.34,389.34,113.51%,348.00,384.34,110.44%,Already ≥ 15% profit – bumped $5.00
GALAXY S25 ULTRA,512GB,tmobile,broken,$211.00 ,888.41,171.00,888.41,807.34,30.00,15.00,50.00,712.34,541.34,316.57%,176.00,536.34,304.74%,Already ≥ 15% profit – bumped $5.00
GALAXY S25 ULTRA,512GB,unlocked,flawless,$667.48 ,913.41,597.00,913.41,830.34,30.00,15.00,10.00,775.34,178.34,29.87%,598.00,177.34,29.66%,Already ≥ 15% profit – bumped $1.00
GALAXY S25 ULTRA,512GB,unlocked,good,$631.00 ,913.41,553.00,913.41,830.34,30.00,15.00,10.00,775.34,222.34,40.21%,554.00,221.34,39.95%,Already ≥ 15% profit – bumped $1.00
GALAXY S25 ULTRA,512GB,unlocked,fair,$576.00 ,913.41,422.99,913.41,830.34,30.00,15.00,30.00,755.34,332.35,78.57%,428.00,327.34,76.48%,Already ≥ 15% profit – bumped $5.00
GALAXY S25 ULTRA,512GB,unlocked,broken,$222.00 ,913.41,185.00,913.41,830.34,30.00,15.00,50.00,735.34,550.34,297.48%,190.00,545.34,287.02%,Already ≥ 15% profit – bumped $5.00
GALAXY S25 ULTRA,1TB,att,flawless,$574.00 ,1164.5,575.00,1164.50,1061.34,30.00,15.00,10.00,1006.34,431.34,75.02%,580.00,426.34,73.51%,Already ≥ 15% profit – bumped $5.00
GALAXY S25 ULTRA,1TB,att,good,$526.00 ,1164.5,509.00,1164.50,1061.34,30.00,15.00,10.00,1006.34,497.34,97.71%,514.00,492.34,95.79%,Already ≥ 15% profit – bumped $5.00
GALAXY S25 ULTRA,1TB,att,fair,$476.00 ,1164.5,444.00,1164.50,1061.34,30.00,15.00,30.00,986.34,542.34,122.15%,449.00,537.34,119.67%,Already ≥ 15% profit – bumped $5.00
GALAXY S25 ULTRA,1TB,att,broken,$211.00 ,1164.5,191.00,1164.50,1061.34,30.00,15.00,50.00,966.34,775.34,405.94%,196.00,770.34,393.03%,Already ≥ 15% profit – bumped $5.00
GALAXY S25 ULTRA,1TB,verizon,flawless,$596.00 ,1164.5,524.00,1164.50,1061.34,30.00,15.00,10.00,1006.34,482.34,92.05%,529.00,477.34,90.23%,Already ≥ 15% profit – bumped $5.00
GALAXY S25 ULTRA,1TB,verizon,good,$529.00 ,1164.5,458.00,1164.50,1061.34,30.00,15.00,10.00,1006.34,548.34,119.72%,463.00,543.34,117.35%,Already ≥ 15% profit – bumped $5.00
GALAXY S25 ULTRA,1TB,verizon,fair,$479.00 ,1164.5,340.00,1164.50,1061.34,30.00,15.00,30.00,986.34,646.34,190.10%,345.00,641.34,185.90%,Already ≥ 15% profit – bumped $5.00
GALAXY S25 ULTRA,1TB,verizon,broken,$235.00 ,1164.5,191.00,1164.50,1061.34,30.00,15.00,50.00,966.34,775.34,405.94%,196.00,770.34,393.03%,Already ≥ 15% profit – bumped $5.00
GALAXY S25 ULTRA,1TB,tmobile,flawless,$523.00 ,1164.5,525.00,1164.50,1061.34,30.00,15.00,10.00,1006.34,481.34,91.68%,530.00,476.34,89.88%,Already ≥ 15% profit – bumped $5.00
GALAXY S25 ULTRA,1TB,tmobile,good,$484.00 ,1164.5,476.00,1164.50,1061.34,30.00,15.00,10.00,1006.34,530.34,111.42%,481.00,525.34,109.22%,Already ≥ 15% profit – bumped $5.00
GALAXY S25 ULTRA,1TB,tmobile,fair,$426.00 ,1164.5,394.00,1164.50,1061.34,30.00,15.00,30.00,986.34,592.34,150.34%,399.00,587.34,147.20%,Already ≥ 15% profit – bumped $5.00
GALAXY S25 ULTRA,1TB,tmobile,broken,$211.00 ,1164.5,191.00,1164.50,1061.34,30.00,15.00,50.00,966.34,775.34,405.94%,196.00,770.34,393.03%,Already ≥ 15% profit – bumped $5.00
GALAXY S25 ULTRA,1TB,unlocked,flawless,$667.48 ,1189.5,656.00,1189.50,1084.34,30.00,15.00,10.00,1029.34,373.34,56.91%,659.00,370.34,56.20%,Already ≥ 15% profit – bumped $3.00
GALAXY S25 ULTRA,1TB,unlocked,good,$631.00 ,1189.5,605.00,1189.50,1084.34,30.00,15.00,10.00,1029.34,424.34,70.14%,608.00,421.34,69.30%,Already ≥ 15% profit – bumped $3.00
GALAXY S25 ULTRA,1TB,unlocked,fair,$576.00 ,1189.5,472.99,1189.50,1084.34,30.00,15.00,30.00,1009.34,536.35,113.40%,478.00,531.34,111.16%,Already ≥ 15% profit – bumped $5.00
GALAXY S25 ULTRA,1TB,unlocked,broken,$222.00 ,1189.5,205.00,1189.50,1084.34,30.00,15.00,50.00,989.34,784.34,382.60%,210.00,779.34,371.11%,Already ≥ 15% profit – bumped $5.00
GALAXY S25+,256GB,att,flawless,$399.48 ,557.51,365.00,557.51,502.91,30.00,15.00,10.00,447.91,82.91,22.71%,366.00,81.91,22.38%,Already ≥ 15% profit – bumped $1.00
GALAXY S25+,256GB,att,good,$356.00 ,557.51,324.00,557.51,502.91,30.00,15.00,10.00,447.91,123.91,38.24%,325.00,122.91,37.82%,Already ≥ 15% profit – bumped $1.00
GALAXY S25+,256GB,att,fair,$282.00 ,557.51,223.00,557.51,502.91,30.00,15.00,30.00,427.91,204.91,91.89%,228.00,199.91,87.68%,Already ≥ 15% profit – bumped $5.00
GALAXY S25+,256GB,att,broken,$87.00 ,557.51,66.00,557.51,502.91,30.00,15.00,50.00,407.91,341.91,518.04%,71.00,336.91,474.52%,Already ≥ 15% profit – bumped $5.00
GALAXY S25+,256GB,verizon,flawless,$398.00 ,557.51,319.00,557.51,502.91,30.00,15.00,10.00,447.91,128.91,40.41%,320.00,127.91,39.97%,Already ≥ 15% profit – bumped $1.00
GALAXY S25+,256GB,verizon,good,$356.00 ,557.51,273.00,557.51,502.91,30.00,15.00,10.00,447.91,174.91,64.07%,276.00,171.91,62.29%,Already ≥ 15% profit – bumped $3.00
GALAXY S25+,256GB,verizon,fair,$172.00 ,557.51,148.00,557.51,502.91,30.00,15.00,30.00,427.91,279.91,189.13%,153.00,274.91,179.68%,Already ≥ 15% profit – bumped $5.00
GALAXY S25+,256GB,verizon,broken,$86.00 ,557.51,66.00,557.51,502.91,30.00,15.00,50.00,407.91,341.91,518.04%,71.00,336.91,474.52%,Already ≥ 15% profit – bumped $5.00
GALAXY S25+,256GB,tmobile,flawless,$388.00 ,557.51,340.00,557.51,502.91,30.00,15.00,10.00,447.91,107.91,31.74%,341.00,106.91,31.35%,Already ≥ 15% profit – bumped $1.00
GALAXY S25+,256GB,tmobile,good,$331.00 ,557.51,299.00,557.51,502.91,30.00,15.00,10.00,447.91,148.91,49.80%,302.00,145.91,48.31%,Already ≥ 15% profit – bumped $3.00
GALAXY S25+,256GB,tmobile,fair,$262.00 ,557.51,198.00,557.51,502.91,30.00,15.00,30.00,427.91,229.91,116.12%,203.00,224.91,110.79%,Already ≥ 15% profit – bumped $5.00
GALAXY S25+,256GB,tmobile,broken,$82.00 ,557.51,61.00,557.51,502.91,30.00,15.00,50.00,407.91,346.91,568.70%,66.00,341.91,518.04%,Already ≥ 15% profit – bumped $5.00
GALAXY S25+,256GB,unlocked,flawless,$399.48 ,582.51,414.00,582.51,525.91,30.00,15.00,10.00,470.91,56.91,13.75%,409.00,61.91,15.14%,Repriced to hit 15% profit
GALAXY S25+,256GB,unlocked,good,$399.48 ,582.51,374.00,582.51,525.91,30.00,15.00,10.00,470.91,96.91,25.91%,375.00,95.91,25.58%,Already ≥ 15% profit – bumped $1.00
GALAXY S25+,256GB,unlocked,fair,$357.00 ,582.51,298.00,582.51,525.91,30.00,15.00,30.00,450.91,152.91,51.31%,301.00,149.91,49.80%,Already ≥ 15% profit – bumped $3.00
GALAXY S25+,256GB,unlocked,broken,$92.00 ,582.51,86.00,582.51,525.91,30.00,15.00,50.00,430.91,344.91,401.06%,91.00,339.91,373.53%,Already ≥ 15% profit – bumped $5.00
GALAXY S25+,512GB,att,flawless,$468.00 ,724.0,425.00,724.00,656.08,30.00,15.00,10.00,601.08,176.08,41.43%,426.00,175.08,41.10%,Already ≥ 15% profit – bumped $1.00
GALAXY S25+,512GB,att,good,$406.00 ,724.0,374.00,724.00,656.08,30.00,15.00,10.00,601.08,227.08,60.72%,377.00,224.08,59.44%,Already ≥ 15% profit – bumped $3.00
GALAXY S25+,512GB,att,fair,$342.00 ,724.0,283.00,724.00,656.08,30.00,15.00,30.00,581.08,298.08,105.33%,288.00,293.08,101.76%,Already ≥ 15% profit – bumped $5.00
GALAXY S25+,512GB,att,broken,$97.00 ,724.0,71.00,724.00,656.08,30.00,15.00,50.00,561.08,490.08,690.25%,76.00,485.08,638.26%,Already ≥ 15% profit – bumped $5.00
GALAXY S25+,512GB,verizon,flawless,$468.00 ,724.0,359.00,724.00,656.08,30.00,15.00,10.00,601.08,242.08,67.43%,362.00,239.08,66.04%,Already ≥ 15% profit – bumped $3.00
GALAXY S25+,512GB,verizon,good,$406.00 ,724.0,318.00,724.00,656.08,30.00,15.00,10.00,601.08,283.08,89.02%,323.00,278.08,86.09%,Already ≥ 15% profit – bumped $5.00
GALAXY S25+,512GB,verizon,fair,$192.00 ,724.0,208.00,724.00,656.08,30.00,15.00,30.00,581.08,373.08,179.37%,213.00,368.08,172.81%,Already ≥ 15% profit – bumped $5.00
GALAXY S25+,512GB,verizon,broken,$96.00 ,724.0,71.00,724.00,656.08,30.00,15.00,50.00,561.08,490.08,690.25%,76.00,485.08,638.26%,Already ≥ 15% profit – bumped $5.00
GALAXY S25+,512GB,tmobile,flawless,$435.00 ,724.0,400.00,724.00,656.08,30.00,15.00,10.00,601.08,201.08,50.27%,403.00,198.08,49.15%,Already ≥ 15% profit – bumped $3.00
GALAXY S25+,512GB,tmobile,good,$382.00 ,724.0,349.00,724.00,656.08,30.00,15.00,10.00,601.08,252.08,72.23%,352.00,249.08,70.76%,Already ≥ 15% profit – bumped $3.00
GALAXY S25+,512GB,tmobile,fair,$317.00 ,724.0,258.00,724.00,656.08,30.00,15.00,30.00,581.08,323.08,125.22%,263.00,318.08,120.94%,Already ≥ 15% profit – bumped $5.00
GALAXY S25+,512GB,tmobile,broken,$92.00 ,724.0,71.00,724.00,656.08,30.00,15.00,50.00,561.08,490.08,690.25%,76.00,485.08,638.26%,Already ≥ 15% profit – bumped $5.00
GALAXY S25+,512GB,unlocked,flawless,$483.48 ,749.0,477.00,749.00,679.08,30.00,15.00,10.00,624.08,147.08,30.83%,478.00,146.08,30.56%,Already ≥ 15% profit – bumped $1.00
GALAXY S25+,512GB,unlocked,good,$481.00 ,749.0,423.00,749.00,679.08,30.00,15.00,10.00,624.08,201.08,47.54%,426.00,198.08,46.50%,Already ≥ 15% profit – bumped $3.00
GALAXY S25+,512GB,unlocked,fair,$417.00 ,749.0,358.00,749.00,679.08,30.00,15.00,30.00,604.08,246.08,68.74%,361.00,243.08,67.34%,Already ≥ 15% profit – bumped $3.00
GALAXY S25+,512GB,unlocked,broken,$102.00 ,749.0,101.00,749.00,679.08,30.00,15.00,50.00,584.08,483.08,478.30%,106.00,478.08,451.02%,Already ≥ 15% profit – bumped $5.00
IPHONE 13,128GB,att,flawless,$180.02 ,240.0,169.00,240.00,210.80,16.86,15.00,10.00,168.94,-0.06,-0.04%,147.00,21.94,14.92%,Repriced to hit 15% profit
IPHONE 13,128GB,att,good,$180.02 ,240.0,135.00,240.00,210.80,16.86,15.00,10.00,168.94,33.94,25.14%,132.00,36.94,27.98%,Already ≥ 15% profit – bumped $1.00; capped good to stay $15.00 below flawless
IPHONE 13,128GB,att,fair,$122.00 ,240.0,93.00,240.00,210.80,16.86,15.00,30.00,148.94,55.94,60.15%,96.00,52.94,55.14%,Already ≥ 15% profit – bumped $3.00
IPHONE 13,128GB,att,broken,$63.00 ,240.0,69.00,240.00,210.80,16.86,15.00,50.00,128.94,59.94,86.86%,74.00,54.94,74.24%,Already ≥ 15% profit – bumped $5.00
IPHONE 13,128GB,verizon,flawless,$180.02 ,240.0,169.00,240.00,210.80,16.86,15.00,10.00,168.94,-0.06,-0.04%,147.00,21.94,14.92%,Repriced to hit 15% profit
IPHONE 13,128GB,verizon,good,$181.00 ,240.0,139.00,240.00,210.80,16.86,15.00,10.00,168.94,29.94,21.54%,132.00,36.94,27.98%,Already ≥ 15% profit – bumped $1.00; capped good to stay $15.00 below flawless
IPHONE 13,128GB,verizon,fair,$119.00 ,240.0,87.00,240.00,210.80,16.86,15.00,30.00,148.94,61.94,71.19%,90.00,58.94,65.48%,Already ≥ 15% profit – bumped $3.00
IPHONE 13,128GB,verizon,broken,$62.00 ,240.0,63.00,240.00,210.80,16.86,15.00,50.00,128.94,65.94,104.66%,68.00,60.94,89.61%,Already ≥ 15% profit – bumped $5.00
IPHONE 13,128GB,tmobile,flawless,$180.02 ,240.0,164.00,240.00,210.80,16.86,15.00,10.00,168.94,4.94,3.01%,147.00,21.94,14.92%,Repriced to hit 15% profit
IPHONE 13,128GB,tmobile,good,$180.00 ,240.0,132.00,240.00,210.80,16.86,15.00,10.00,168.94,36.94,27.98%,132.00,36.94,27.98%,Already ≥ 15% profit – bumped $1.00; capped good to stay $15.00 below flawless
IPHONE 13,128GB,tmobile,fair,$119.00 ,240.0,89.00,240.00,210.80,16.86,15.00,30.00,148.94,59.94,67.34%,92.00,56.94,61.89%,Already ≥ 15% profit – bumped $3.00
IPHONE 13,128GB,tmobile,broken,$61.00 ,240.0,58.00,240.00,210.80,16.86,15.00,50.00,128.94,70.94,122.30%,63.00,65.94,104.66%,Already ≥ 15% profit – bumped $5.00
IPHONE 13,128GB,unlocked,flawless,$180.02 ,265.0,198.00,265.00,233.80,18.70,15.00,10.00,190.10,-7.90,-3.99%,165.00,25.10,15.21%,Repriced to hit 15% profit
IPHONE 13,128GB,unlocked,good,$180.02 ,265.0,173.00,265.00,233.80,18.70,15.00,10.00,190.10,17.10,9.88%,150.00,40.10,26.73%,Repriced to hit 15% profit; capped good to stay $15.00 below flawless
IPHONE 13,128GB,unlocked,fair,$126.00 ,265.0,119.00,265.00,233.80,18.70,15.00,30.00,170.10,51.10,42.94%,120.00,50.10,41.75%,Already ≥ 15% profit – bumped $1.00
IPHONE 13,128GB,unlocked,broken,$76.00 ,265.0,92.00,265.00,233.80,18.70,15.00,50.00,150.10,58.10,63.15%,95.00,55.10,58.00%,Already ≥ 15% profit – bumped $3.00
IPHONE 13,256GB,att,flawless,$198.42 ,280.0,196.00,280.00,247.60,19.81,15.00,10.00,202.79,6.79,3.47%,176.00,26.79,15.22%,Repriced to hit 15% profit
IPHONE 13,256GB,att,good,$198.42 ,280.0,168.00,280.00,247.60,19.81,15.00,10.00,202.79,34.79,20.71%,161.00,41.79,25.96%,Already ≥ 15% profit – bumped $1.00; capped good to stay $15.00 below flawless
IPHONE 13,256GB,att,fair,$134.00 ,280.0,114.00,280.00,247.60,19.81,15.00,30.00,182.79,68.79,60.34%,117.00,65.79,56.23%,Already ≥ 15% profit – bumped $3.00
IPHONE 13,256GB,att,broken,$69.00 ,280.0,89.00,280.00,247.60,19.81,15.00,50.00,162.79,73.79,82.91%,94.00,68.79,73.18%,Already ≥ 15% profit – bumped $5.00
IPHONE 13,256GB,verizon,flawless,$198.42 ,280.0,181.00,280.00,247.60,19.81,15.00,10.00,202.79,21.79,12.04%,176.00,26.79,15.22%,Repriced to hit 15% profit
IPHONE 13,256GB,verizon,good,$189.00 ,280.0,146.00,280.00,247.60,19.81,15.00,10.00,202.79,56.79,38.90%,147.00,55.79,37.95%,Already ≥ 15% profit – bumped $1.00
IPHONE 13,256GB,verizon,fair,$124.00 ,280.0,91.00,280.00,247.60,19.81,15.00,30.00,182.79,91.79,100.87%,96.00,86.79,90.41%,Already ≥ 15% profit – bumped $5.00
IPHONE 13,256GB,verizon,broken,$66.00 ,280.0,75.00,280.00,247.60,19.81,15.00,50.00,162.79,87.79,117.06%,80.00,82.79,103.49%,Already ≥ 15% profit – bumped $5.00
IPHONE 13,256GB,tmobile,flawless,$198.42 ,280.0,187.00,280.00,247.60,19.81,15.00,10.00,202.79,15.79,8.44%,176.00,26.79,15.22%,Repriced to hit 15% profit
IPHONE 13,256GB,tmobile,good,$198.42 ,280.0,152.00,280.00,247.60,19.81,15.00,10.00,202.79,50.79,33.42%,153.00,49.79,32.54%,Already ≥ 15% profit – bumped $1.00
IPHONE 13,256GB,tmobile,fair,$124.00 ,280.0,95.00,280.00,247.60,19.81,15.00,30.00,182.79,87.79,92.41%,100.00,82.79,82.79%,Already ≥ 15% profit – bumped $5.00
IPHONE 13,256GB,tmobile,broken,$66.00 ,280.0,77.00,280.00,247.60,19.81,15.00,50.00,162.79,85.79,111.42%,82.00,80.79,98.53%,Already ≥ 15% profit – bumped $5.00
IPHONE 13,256GB,unlocked,flawless,$198.42 ,305.0,237.00,305.00,270.60,21.65,15.00,10.00,223.95,-13.05,-5.51%,195.00,28.95,14.85%,Repriced to hit 15% profit
IPHONE 13,256GB,unlocked,good,$198.42 ,305.0,210.00,305.00,270.60,21.65,15.00,10.00,223.95,13.95,6.64%,180.00,43.95,24.42%,Repriced to hit 15% profit; capped good to stay $15.00 below flawless
IPHONE 13,256GB,unlocked,fair,$151.00 ,305.0,154.00,305.00,270.60,21.65,15.00,30.00,203.95,49.95,32.44%,155.00,48.95,31.58%,Already ≥ 15% profit – bumped $1.00
IPHONE 13,256GB,unlocked,broken,$103.00 ,305.0,111.00,305.00,270.60,21.65,15.00,50.00,183.95,72.95,65.72%,114.00,69.95,61.36%,Already ≥ 15% profit – bumped $3.00
IPHONE 13,512GB,att,flawless,$235.22 ,305.0,208.00,305.00,270.60,21.65,15.00,10.00,223.95,15.95,7.67%,195.00,28.95,14.85%,Repriced to hit 15% profit
IPHONE 13,512GB,att,good,$203.00 ,305.0,178.00,305.00,270.60,21.65,15.00,10.00,223.95,45.95,25.82%,179.00,44.95,25.11%,Already ≥ 15% profit – bumped $1.00
IPHONE 13,512GB,att,fair,$148.00 ,305.0,124.00,305.00,270.60,21.65,15.00,30.00,203.95,79.95,64.48%,127.00,76.95,60.59%,Already ≥ 15% profit – bumped $3.00
IPHONE 13,512GB,att,broken,$86.00 ,305.0,94.00,305.00,270.60,21.65,15.00,50.00,183.95,89.95,95.69%,99.00,84.95,85.81%,Already ≥ 15% profit – bumped $5.00
IPHONE 13,512GB,verizon,flawless,$235.22 ,305.0,208.00,305.00,270.60,21.65,15.00,10.00,223.95,15.95,7.67%,195.00,28.95,14.85%,Repriced to hit 15% profit
IPHONE 13,512GB,verizon,good,$226.00 ,305.0,175.00,305.00,270.60,21.65,15.00,10.00,223.95,48.95,27.97%,176.00,47.95,27.25%,Already ≥ 15% profit – bumped $1.00
IPHONE 13,512GB,verizon,fair,$148.00 ,305.0,109.00,305.00,270.60,21.65,15.00,30.00,203.95,94.95,87.11%,114.00,89.95,78.91%,Already ≥ 15% profit – bumped $5.00
IPHONE 13,512GB,verizon,broken,$86.00 ,305.0,81.00,305.00,270.60,21.65,15.00,50.00,183.95,102.95,127.10%,86.00,97.95,113.90%,Already ≥ 15% profit – bumped $5.00
IPHONE 13,512GB,tmobile,flawless,$235.22 ,305.0,204.00,305.00,270.60,21.65,15.00,10.00,223.95,19.95,9.78%,195.00,28.95,14.85%,Repriced to hit 15% profit
IPHONE 13,512GB,tmobile,good,$222.00 ,305.0,166.00,305.00,270.60,21.65,15.00,10.00,223.95,57.95,34.91%,167.00,56.95,34.10%,Already ≥ 15% profit – bumped $1.00
IPHONE 13,512GB,tmobile,fair,$148.00 ,305.0,104.00,305.00,270.60,21.65,15.00,30.00,203.95,99.95,96.11%,109.00,94.95,87.11%,Already ≥ 15% profit – bumped $5.00
IPHONE 13,512GB,tmobile,broken,$86.00 ,305.0,83.00,305.00,270.60,21.65,15.00,50.00,183.95,100.95,121.63%,88.00,95.95,109.04%,Already ≥ 15% profit – bumped $5.00
IPHONE 13,512GB,unlocked,flawless,$235.22 ,330.0,248.00,330.00,293.60,23.49,15.00,10.00,245.11,-2.89,-1.16%,213.00,32.11,15.08%,Repriced to hit 15% profit
IPHONE 13,512GB,unlocked,good,$235.22 ,330.0,220.00,330.00,293.60,23.49,15.00,10.00,245.11,25.11,11.41%,198.00,47.11,23.79%,Repriced to hit 15% profit; capped good to stay $15.00 below flawless
IPHONE 13,512GB,unlocked,fair,$166.00 ,330.0,164.00,330.00,293.60,23.49,15.00,30.00,225.11,61.11,37.26%,165.00,60.11,36.43%,Already ≥ 15% profit – bumped $1.00
IPHONE 13,512GB,unlocked,broken,$133.00 ,330.0,117.00,330.00,293.60,23.49,15.00,50.00,205.11,88.11,75.31%,122.00,83.11,68.12%,Already ≥ 15% profit – bumped $5.00
IPHONE 13 PRO,128GB,att,flawless,$238.90 ,315.0,234.00,315.00,279.80,22.38,15.00,10.00,232.42,-1.58,-0.68%,202.00,30.42,15.06%,Repriced to hit 15% profit
IPHONE 13 PRO,128GB,att,good,$238.90 ,315.0,203.00,315.00,279.80,22.38,15.00,10.00,232.42,29.42,14.49%,187.00,45.42,24.29%,Repriced to hit 15% profit; capped good to stay $15.00 below flawless
IPHONE 13 PRO,128GB,att,fair,$161.00 ,315.0,143.00,315.00,279.80,22.38,15.00,30.00,212.42,69.42,48.54%,146.00,66.42,45.49%,Already ≥ 15% profit – bumped $3.00
IPHONE 13 PRO,128GB,att,broken,$132.00 ,315.0,84.00,315.00,279.80,22.38,15.00,50.00,192.42,108.42,129.07%,89.00,103.42,116.20%,Already ≥ 15% profit – bumped $5.00
IPHONE 13 PRO,128GB,verizon,flawless,$238.90 ,315.0,225.00,315.00,279.80,22.38,15.00,10.00,232.42,7.42,3.30%,202.00,30.42,15.06%,Repriced to hit 15% profit
IPHONE 13 PRO,128GB,verizon,good,$238.90 ,315.0,184.00,315.00,279.80,22.38,15.00,10.00,232.42,48.42,26.31%,185.00,47.42,25.63%,Already ≥ 15% profit – bumped $1.00
IPHONE 13 PRO,128GB,verizon,fair,$161.00 ,315.0,143.00,315.00,279.80,22.38,15.00,30.00,212.42,69.42,48.54%,146.00,66.42,45.49%,Already ≥ 15% profit – bumped $3.00
IPHONE 13 PRO,128GB,verizon,broken,$132.00 ,315.0,75.00,315.00,279.80,22.38,15.00,50.00,192.42,117.42,156.55%,80.00,112.42,140.52%,Already ≥ 15% profit – bumped $5.00
IPHONE 13 PRO,128GB,tmobile,flawless,$238.90 ,315.0,225.00,315.00,279.80,22.38,15.00,10.00,232.42,7.42,3.30%,202.00,30.42,15.06%,Repriced to hit 15% profit
IPHONE 13 PRO,128GB,tmobile,good,$238.90 ,315.0,184.00,315.00,279.80,22.38,15.00,10.00,232.42,48.42,26.31%,185.00,47.42,25.63%,Already ≥ 15% profit – bumped $1.00
IPHONE 13 PRO,128GB,tmobile,fair,$157.00 ,315.0,134.00,315.00,279.80,22.38,15.00,30.00,212.42,78.42,58.52%,137.00,75.42,55.05%,Already ≥ 15% profit – bumped $3.00
IPHONE 13 PRO,128GB,tmobile,broken,$132.00 ,315.0,75.00,315.00,279.80,22.38,15.00,50.00,192.42,117.42,156.55%,80.00,112.42,140.52%,Already ≥ 15% profit – bumped $5.00
IPHONE 13 PRO,128GB,unlocked,flawless,$238.90 ,340.0,259.00,340.00,302.80,24.22,15.00,10.00,253.58,-5.42,-2.09%,220.50,33.08,15.00%,Repriced to hit 15% profit
IPHONE 13 PRO,128GB,unlocked,good,$238.90 ,340.0,228.00,340.00,302.80,24.22,15.00,10.00,253.58,25.58,11.22%,205.50,48.08,23.39%,Repriced to hit 15% profit; capped good to stay $15.00 below flawless
IPHONE 13 PRO,128GB,unlocked,fair,$170.00 ,340.0,164.00,340.00,302.80,24.22,15.00,30.00,233.58,69.58,42.42%,165.00,68.58,41.56%,Already ≥ 15% profit – bumped $1.00
IPHONE 13 PRO,128GB,unlocked,broken,$132.00 ,340.0,96.00,340.00,302.80,24.22,15.00,50.00,213.58,117.58,122.48%,101.00,112.58,111.46%,Already ≥ 15% profit – bumped $5.00
IPHONE 13 PRO,256GB,att,flawless,$249.94 ,354.0,269.00,354.00,315.68,25.25,15.00,10.00,265.43,-3.57,-1.33%,231.00,34.43,14.90%,Repriced to hit 15% profit
IPHONE 13 PRO,256GB,att,good,$249.94 ,354.0,238.00,354.00,315.68,25.25,15.00,10.00,265.43,27.43,11.52%,216.00,49.43,22.88%,Repriced to hit 15% profit; capped good to stay $15.00 below flawless
IPHONE 13 PRO,256GB,att,fair,$180.00 ,354.0,174.00,354.00,315.68,25.25,15.00,30.00,245.43,71.43,41.05%,175.00,70.43,40.24%,Already ≥ 15% profit – bumped $1.00
IPHONE 13 PRO,256GB,att,broken,$132.00 ,354.0,100.00,354.00,315.68,25.25,15.00,50.00,225.43,125.43,125.43%,105.00,120.43,114.69%,Already ≥ 15% profit – bumped $5.00
IPHONE 13 PRO,256GB,verizon,flawless,$249.94 ,354.0,265.00,354.00,315.68,25.25,15.00,10.00,265.43,0.43,0.16%,231.00,34.43,14.90%,Repriced to hit 15% profit
IPHONE 13 PRO,256GB,verizon,good,$249.94 ,354.0,218.00,354.00,315.68,25.25,15.00,10.00,265.43,47.43,21.75%,216.00,49.43,22.88%,Already ≥ 15% profit – bumped $1.00; capped good to stay $15.00 below flawless
IPHONE 13 PRO,256GB,verizon,fair,$180.00 ,354.0,151.00,354.00,315.68,25.25,15.00,30.00,245.43,94.43,62.53%,154.00,91.43,59.37%,Already ≥ 15% profit – bumped $3.00
IPHONE 13 PRO,256GB,verizon,broken,$132.00 ,354.0,91.00,354.00,315.68,25.25,15.00,50.00,225.43,134.43,147.72%,96.00,129.43,134.82%,Already ≥ 15% profit – bumped $5.00
IPHONE 13 PRO,256GB,tmobile,flawless,$249.94 ,354.0,256.00,354.00,315.68,25.25,15.00,10.00,265.43,9.43,3.68%,231.00,34.43,14.90%,Repriced to hit 15% profit
IPHONE 13 PRO,256GB,tmobile,good,$249.94 ,354.0,218.00,354.00,315.68,25.25,15.00,10.00,265.43,47.43,21.75%,216.00,49.43,22.88%,Already ≥ 15% profit – bumped $1.00; capped good to stay $15.00 below flawless
IPHONE 13 PRO,256GB,tmobile,fair,$180.00 ,354.0,154.00,354.00,315.68,25.25,15.00,30.00,245.43,91.43,59.37%,157.00,88.43,56.32%,Already ≥ 15% profit – bumped $3.00
IPHONE 13 PRO,256GB,tmobile,broken,$132.00 ,354.0,91.00,354.00,315.68,25.25,15.00,50.00,225.43,134.43,147.72%,96.00,129.43,134.82%,Already ≥ 15% profit – bumped $5.00
IPHONE 13 PRO,256GB,unlocked,flawless,$249.94 ,379.0,298.00,379.00,338.68,27.09,15.00,10.00,286.59,-11.41,-3.83%,249.00,37.59,15.09%,Repriced to hit 15% profit
IPHONE 13 PRO,256GB,unlocked,good,$249.94 ,379.0,263.00,379.00,338.68,27.09,15.00,10.00,286.59,23.59,8.97%,234.00,52.59,22.47%,Repriced to hit 15% profit; capped good to stay $15.00 below flawless
IPHONE 13 PRO,256GB,unlocked,fair,$192.00 ,379.0,199.00,379.00,338.68,27.09,15.00,30.00,266.59,67.59,33.96%,200.00,66.59,33.29%,Already ≥ 15% profit – bumped $1.00
IPHONE 13 PRO,256GB,unlocked,broken,$142.00 ,379.0,112.00,379.00,338.68,27.09,15.00,50.00,246.59,134.59,120.17%,117.00,129.59,110.76%,Already ≥ 15% profit – bumped $5.00
IPHONE 13 PRO,512GB,att,flawless,$305.88 ,374.0,294.00,374.00,334.08,26.73,15.00,10.00,282.35,-11.65,-3.96%,246.00,36.35,14.78%,Repriced to hit 15% profit
IPHONE 13 PRO,512GB,att,good,$305.88 ,374.0,263.00,374.00,334.08,26.73,15.00,10.00,282.35,19.35,7.36%,231.00,51.35,22.23%,Repriced to hit 15% profit; capped good to stay $15.00 below flawless
IPHONE 13 PRO,512GB,att,fair,$193.00 ,374.0,199.00,374.00,334.08,26.73,15.00,30.00,262.35,63.35,31.84%,200.00,62.35,31.18%,Already ≥ 15% profit – bumped $1.00
IPHONE 13 PRO,512GB,att,broken,$132.00 ,374.0,112.00,374.00,334.08,26.73,15.00,50.00,242.35,130.35,116.39%,117.00,125.35,107.14%,Already ≥ 15% profit – bumped $5.00
IPHONE 13 PRO,512GB,verizon,flawless,$305.88 ,374.0,278.00,374.00,334.08,26.73,15.00,10.00,282.35,4.35,1.57%,246.00,36.35,14.78%,Repriced to hit 15% profit
IPHONE 13 PRO,512GB,verizon,good,$305.88 ,374.0,234.00,374.00,334.08,26.73,15.00,10.00,282.35,48.35,20.66%,231.00,51.35,22.23%,Already ≥ 15% profit – bumped $1.00; capped good to stay $15.00 below flawless
IPHONE 13 PRO,512GB,verizon,fair,$193.00 ,374.0,166.00,374.00,334.08,26.73,15.00,30.00,262.35,96.35,58.04%,169.00,93.35,55.24%,Already ≥ 15% profit – bumped $3.00
IPHONE 13 PRO,512GB,verizon,broken,$132.00 ,374.0,98.00,374.00,334.08,26.73,15.00,50.00,242.35,144.35,147.30%,103.00,139.35,135.29%,Already ≥ 15% profit – bumped $5.00
IPHONE 13 PRO,512GB,tmobile,flawless,$305.88 ,374.0,278.00,374.00,334.08,26.73,15.00,10.00,282.35,4.35,1.57%,246.00,36.35,14.78%,Repriced to hit 15% profit
IPHONE 13 PRO,512GB,tmobile,good,$305.88 ,374.0,243.00,374.00,334.08,26.73,15.00,10.00,282.35,39.35,16.19%,231.00,51.35,22.23%,Already ≥ 15% profit – bumped $1.00; capped good to stay $15.00 below flawless
IPHONE 13 PRO,512GB,tmobile,fair,$193.00 ,374.0,179.00,374.00,334.08,26.73,15.00,30.00,262.35,83.35,46.57%,182.00,80.35,44.15%,Already ≥ 15% profit – bumped $3.00
IPHONE 13 PRO,512GB,tmobile,broken,$132.00 ,374.0,103.00,374.00,334.08,26.73,15.00,50.00,242.35,139.35,135.29%,108.00,134.35,124.40%,Already ≥ 15% profit – bumped $5.00
IPHONE 13 PRO,512GB,unlocked,flawless,$305.88 ,399.0,325.00,399.00,357.08,28.57,15.00,10.00,303.51,-21.49,-6.61%,264.00,39.51,14.97%,Repriced to hit 15% profit
IPHONE 13 PRO,512GB,unlocked,good,$305.88 ,399.0,288.00,399.00,357.08,28.57,15.00,10.00,303.51,15.51,5.39%,249.00,54.51,21.89%,Repriced to hit 15% profit; capped good to stay $15.00 below flawless
IPHONE 13 PRO,512GB,unlocked,fair,$216.00 ,399.0,223.00,399.00,357.08,28.57,15.00,30.00,283.51,60.51,27.14%,224.00,59.51,26.57%,Already ≥ 15% profit – bumped $1.00
IPHONE 13 PRO,512GB,unlocked,broken,$172.00 ,399.0,140.00,399.00,357.08,28.57,15.00,50.00,263.51,123.51,88.22%,145.00,118.51,81.73%,Already ≥ 15% profit – bumped $5.00
IPHONE 13 PRO,1TB,att,flawless,$110.10 ,414.92,376.00,414.92,371.73,29.74,15.00,10.00,316.99,-59.01,-15.69%,276.00,40.99,14.85%,Repriced to hit 15% profit
IPHONE 13 PRO,1TB,att,good,$110.10 ,414.92,315.00,414.92,371.73,29.74,15.00,10.00,316.99,1.99,0.63%,261.00,55.99,21.45%,Repriced to hit 15% profit; capped good to stay $15.00 below flawless
IPHONE 13 PRO,1TB,att,fair,$92.71 ,414.92,209.00,414.92,371.73,29.74,15.00,30.00,296.99,87.99,42.10%,210.00,86.99,41.42%,Already ≥ 15% profit – bumped $1.00
IPHONE 13 PRO,1TB,att,broken,$75.32 ,414.92,135.00,414.92,371.73,29.74,15.00,50.00,276.99,141.99,105.18%,140.00,136.99,97.85%,Already ≥ 15% profit – bumped $5.00
IPHONE 13 PRO,1TB,verizon,flawless,$110.10 ,414.92,339.00,414.92,371.73,29.74,15.00,10.00,316.99,-22.01,-6.49%,276.00,40.99,14.85%,Repriced to hit 15% profit
IPHONE 13 PRO,1TB,verizon,good,$110.10 ,414.92,285.00,414.92,371.73,29.74,15.00,10.00,316.99,31.99,11.22%,261.00,55.99,21.45%,Repriced to hit 15% profit; capped good to stay $15.00 below flawless
IPHONE 13 PRO,1TB,verizon,fair,$92.71 ,414.92,175.00,414.92,371.73,29.74,15.00,30.00,296.99,121.99,69.71%,178.00,118.99,66.85%,Already ≥ 15% profit – bumped $3.00
IPHONE 13 PRO,1TB,verizon,broken,$75.32 ,414.92,122.00,414.92,371.73,29.74,15.00,50.00,276.99,154.99,127.04%,127.00,149.99,118.10%,Already ≥ 15% profit – bumped $5.00
IPHONE 13 PRO,1TB,tmobile,flawless,$110.10 ,414.92,313.00,414.92,371.73,29.74,15.00,10.00,316.99,3.99,1.27%,276.00,40.99,14.85%,Repriced to hit 15% profit
IPHONE 13 PRO,1TB,tmobile,good,$110.10 ,414.92,281.00,414.92,371.73,29.74,15.00,10.00,316.99,35.99,12.81%,261.00,55.99,21.45%,Repriced to hit 15% profit; capped good to stay $15.00 below flawless
IPHONE 13 PRO,1TB,tmobile,fair,$92.71 ,414.92,189.00,414.92,371.73,29.74,15.00,30.00,296.99,107.99,57.14%,192.00,104.99,54.68%,Already ≥ 15% profit – bumped $3.00
IPHONE 13 PRO,1TB,tmobile,broken,$75.32 ,414.92,120.00,414.92,371.73,29.74,15.00,50.00,276.99,156.99,130.82%,125.00,151.99,121.59%,Already ≥ 15% profit – bumped $5.00
IPHONE 13 PRO,1TB,unlocked,flawless,$335.48 ,439.92,388.00,439.92,394.73,30.00,15.00,10.00,339.73,-48.27,-12.44%,295.00,44.73,15.16%,Repriced to hit 15% profit
IPHONE 13 PRO,1TB,unlocked,good,$335.48 ,439.92,344.00,439.92,394.73,30.00,15.00,10.00,339.73,-4.27,-1.24%,280.00,59.73,21.33%,Repriced to hit 15% profit; capped good to stay $15.00 below flawless
IPHONE 13 PRO,1TB,unlocked,fair,$227.00 ,439.92,231.00,439.92,394.73,30.00,15.00,30.00,319.73,88.73,38.41%,232.00,87.73,37.81%,Already ≥ 15% profit – bumped $1.00
IPHONE 13 PRO,1TB,unlocked,broken,$192.00 ,439.92,170.00,439.92,394.73,30.00,15.00,50.00,299.73,129.73,76.31%,175.00,124.73,71.27%,Already ≥ 15% profit – bumped $5.00
IPHONE 13 PRO MAX,128GB,att,flawless,$268.34 ,383.0,309.00,383.00,342.36,27.39,15.00,10.00,289.97,-19.03,-6.16%,252.00,37.97,15.07%,Repriced to hit 15% profit
IPHONE 13 PRO MAX,128GB,att,good,$268.34 ,383.0,278.00,383.00,342.36,27.39,15.00,10.00,289.97,11.97,4.31%,237.00,52.97,22.35%,Repriced to hit 15% profit; capped good to stay $15.00 below flawless
IPHONE 13 PRO MAX,128GB,att,fair,$207.00 ,383.0,210.00,383.00,342.36,27.39,15.00,30.00,269.97,59.97,28.56%,211.00,58.97,27.95%,Already ≥ 15% profit – bumped $1.00
IPHONE 13 PRO MAX,128GB,att,broken,$127.00 ,383.0,101.00,383.00,342.36,27.39,15.00,50.00,249.97,148.97,147.50%,106.00,143.97,135.82%,Already ≥ 15% profit – bumped $5.00
IPHONE 13 PRO MAX,128GB,verizon,flawless,$266.00 ,383.0,262.00,383.00,342.36,27.39,15.00,10.00,289.97,27.97,10.68%,252.00,37.97,15.07%,Repriced to hit 15% profit
IPHONE 13 PRO MAX,128GB,verizon,good,$242.00 ,383.0,239.00,383.00,342.36,27.39,15.00,10.00,289.97,50.97,21.33%,237.00,52.97,22.35%,Already ≥ 15% profit – bumped $1.00; capped good to stay $15.00 below flawless
IPHONE 13 PRO MAX,128GB,verizon,fair,$167.00 ,383.0,145.00,383.00,342.36,27.39,15.00,30.00,269.97,124.97,86.19%,150.00,119.97,79.98%,Already ≥ 15% profit – bumped $5.00
IPHONE 13 PRO MAX,128GB,verizon,broken,$137.00 ,383.0,94.00,383.00,342.36,27.39,15.00,50.00,249.97,155.97,165.93%,99.00,150.97,152.50%,Already ≥ 15% profit – bumped $5.00
IPHONE 13 PRO MAX,128GB,tmobile,flawless,$265.00 ,383.0,237.00,383.00,342.36,27.39,15.00,10.00,289.97,52.97,22.35%,238.00,51.97,21.84%,Already ≥ 15% profit – bumped $1.00
IPHONE 13 PRO MAX,128GB,tmobile,good,$236.00 ,383.0,207.00,383.00,342.36,27.39,15.00,10.00,289.97,82.97,40.08%,208.00,81.97,39.41%,Already ≥ 15% profit – bumped $1.00
IPHONE 13 PRO MAX,128GB,tmobile,fair,$143.00 ,383.0,139.00,383.00,342.36,27.39,15.00,30.00,269.97,130.97,94.22%,144.00,125.97,87.48%,Already ≥ 15% profit – bumped $5.00
IPHONE 13 PRO MAX,128GB,tmobile,broken,$102.00 ,383.0,80.00,383.00,342.36,27.39,15.00,50.00,249.97,169.97,212.46%,85.00,164.97,194.08%,Already ≥ 15% profit – bumped $5.00
IPHONE 13 PRO MAX,128GB,unlocked,flawless,$268.34 ,408.0,315.00,408.00,365.36,29.23,15.00,10.00,311.13,-3.87,-1.23%,271.00,40.13,14.81%,Repriced to hit 15% profit
IPHONE 13 PRO MAX,128GB,unlocked,good,$268.34 ,408.0,279.00,408.00,365.36,29.23,15.00,10.00,311.13,32.13,11.52%,256.00,55.13,21.54%,Repriced to hit 15% profit; capped good to stay $15.00 below flawless
IPHONE 13 PRO MAX,128GB,unlocked,fair,$207.00 ,408.0,213.00,408.00,365.36,29.23,15.00,30.00,291.13,78.13,36.68%,214.00,77.13,36.04%,Already ≥ 15% profit – bumped $1.00
IPHONE 13 PRO MAX,128GB,unlocked,broken,$172.00 ,408.0,140.00,408.00,365.36,29.23,15.00,50.00,271.13,131.13,93.67%,145.00,126.13,86.99%,Already ≥ 15% profit – bumped $5.00
IPHONE 13 PRO MAX,256GB,att,flawless,$299.48 ,422.0,354.00,422.00,378.24,30.00,15.00,10.00,323.24,-30.76,-8.69%,281.00,42.24,15.03%,Repriced to hit 15% profit
IPHONE 13 PRO MAX,256GB,att,good,$299.48 ,422.0,323.00,422.00,378.24,30.00,15.00,10.00,323.24,0.24,0.07%,266.00,57.24,21.52%,Repriced to hit 15% profit; capped good to stay $15.00 below flawless
IPHONE 13 PRO MAX,256GB,att,fair,$247.00 ,422.0,255.00,422.00,378.24,30.00,15.00,30.00,303.24,48.24,18.92%,256.00,47.24,18.45%,Already ≥ 15% profit – bumped $1.00
IPHONE 13 PRO MAX,256GB,att,broken,$143.00 ,422.0,120.00,422.00,378.24,30.00,15.00,50.00,283.24,163.24,136.03%,125.00,158.24,126.59%,Already ≥ 15% profit – bumped $5.00
IPHONE 13 PRO MAX,256GB,verizon,flawless,$299.48 ,422.0,317.00,422.00,378.24,30.00,15.00,10.00,323.24,6.24,1.97%,281.00,42.24,15.03%,Repriced to hit 15% profit
IPHONE 13 PRO MAX,256GB,verizon,good,$299.48 ,422.0,293.00,422.00,378.24,30.00,15.00,10.00,323.24,30.24,10.32%,266.00,57.24,21.52%,Repriced to hit 15% profit; capped good to stay $15.00 below flawless
IPHONE 13 PRO MAX,256GB,verizon,fair,$199.00 ,422.0,166.00,422.00,378.24,30.00,15.00,30.00,303.24,137.24,82.67%,171.00,132.24,77.33%,Already ≥ 15% profit – bumped $5.00
IPHONE 13 PRO MAX,256GB,verizon,broken,$127.00 ,422.0,117.00,422.00,378.24,30.00,15.00,50.00,283.24,166.24,142.09%,122.00,161.24,132.16%,Already ≥ 15% profit – bumped $5.00
IPHONE 13 PRO MAX,256GB,tmobile,flawless,$299.48 ,422.0,282.00,422.00,378.24,30.00,15.00,10.00,323.24,41.24,14.62%,281.00,42.24,15.03%,Repriced to hit 15% profit
IPHONE 13 PRO MAX,256GB,tmobile,good,$279.00 ,422.0,249.00,422.00,378.24,30.00,15.00,10.00,323.24,74.24,29.82%,250.00,73.24,29.30%,Already ≥ 15% profit – bumped $1.00
IPHONE 13 PRO MAX,256GB,tmobile,fair,$172.00 ,422.0,184.00,422.00,378.24,30.00,15.00,30.00,303.24,119.24,64.80%,187.00,116.24,62.16%,Already ≥ 15% profit – bumped $3.00
IPHONE 13 PRO MAX,256GB,tmobile,broken,$117.00 ,422.0,98.00,422.00,378.24,30.00,15.00,50.00,283.24,185.24,189.02%,103.00,180.24,174.99%,Already ≥ 15% profit – bumped $5.00
IPHONE 13 PRO MAX,256GB,unlocked,flawless,$299.48 ,447.0,364.00,447.00,401.24,30.00,15.00,10.00,346.24,-17.76,-4.88%,301.00,45.24,15.03%,Repriced to hit 15% profit
IPHONE 13 PRO MAX,256GB,unlocked,good,$299.48 ,447.0,324.00,447.00,401.24,30.00,15.00,10.00,346.24,22.24,6.86%,286.00,60.24,21.06%,Repriced to hit 15% profit; capped good to stay $15.00 below flawless
IPHONE 13 PRO MAX,256GB,unlocked,fair,$247.00 ,447.0,256.00,447.00,401.24,30.00,15.00,30.00,326.24,70.24,27.44%,257.00,69.24,26.94%,Already ≥ 15% profit – bumped $1.00
IPHONE 13 PRO MAX,256GB,unlocked,broken,$192.00 ,447.0,170.00,447.00,401.24,30.00,15.00,50.00,306.24,136.24,80.14%,175.00,131.24,74.99%,Already ≥ 15% profit – bumped $5.00
IPHONE 13 PRO MAX,512GB,att,flawless,$335.48 ,491.72,364.00,491.72,442.38,30.00,15.00,10.00,387.38,23.38,6.42%,337.00,50.38,14.95%,Repriced to hit 15% profit
IPHONE 13 PRO MAX,512GB,att,good,$335.48 ,491.72,363.00,491.72,442.38,30.00,15.00,10.00,387.38,24.38,6.72%,322.00,65.38,20.31%,Repriced to hit 15% profit; capped good to stay $15.00 below flawless
IPHONE 13 PRO MAX,512GB,att,fair,$257.00 ,491.72,265.00,491.72,442.38,30.00,15.00,30.00,367.38,102.38,38.63%,266.00,101.38,38.11%,Already ≥ 15% profit – bumped $1.00
IPHONE 13 PRO MAX,512GB,att,broken,$182.00 ,491.72,140.00,491.72,442.38,30.00,15.00,50.00,347.38,207.38,148.13%,145.00,202.38,139.57%,Already ≥ 15% profit – bumped $5.00
IPHONE 13 PRO MAX,512GB,verizon,flawless,$335.48 ,491.72,336.00,491.72,442.38,30.00,15.00,10.00,387.38,51.38,15.29%,337.00,50.38,14.95%,Already ≥ 15% profit – bumped $1.00
IPHONE 13 PRO MAX,512GB,verizon,good,$313.00 ,491.72,315.00,491.72,442.38,30.00,15.00,10.00,387.38,72.38,22.98%,316.00,71.38,22.59%,Already ≥ 15% profit – bumped $1.00
IPHONE 13 PRO MAX,512GB,verizon,fair,$211.00 ,491.72,189.00,491.72,442.38,30.00,15.00,30.00,367.38,178.38,94.38%,194.00,173.38,89.37%,Already ≥ 15% profit – bumped $5.00
IPHONE 13 PRO MAX,512GB,verizon,broken,$187.00 ,491.72,126.00,491.72,442.38,30.00,15.00,50.00,347.38,221.38,175.70%,131.00,216.38,165.18%,Already ≥ 15% profit – bumped $5.00
IPHONE 13 PRO MAX,512GB,tmobile,flawless,$318.00 ,491.72,292.00,491.72,442.38,30.00,15.00,10.00,387.38,95.38,32.67%,293.00,94.38,32.21%,Already ≥ 15% profit – bumped $1.00
IPHONE 13 PRO MAX,512GB,tmobile,good,$290.00 ,491.72,270.00,491.72,442.38,30.00,15.00,10.00,387.38,117.38,43.47%,271.00,116.38,42.95%,Already ≥ 15% profit – bumped $1.00
IPHONE 13 PRO MAX,512GB,tmobile,fair,$182.00 ,491.72,194.00,491.72,442.38,30.00,15.00,30.00,367.38,173.38,89.37%,199.00,168.38,84.61%,Already ≥ 15% profit – bumped $5.00
IPHONE 13 PRO MAX,512GB,tmobile,broken,$137.00 ,491.72,107.00,491.72,442.38,30.00,15.00,50.00,347.38,240.38,224.66%,112.00,235.38,210.16%,Already ≥ 15% profit – bumped $5.00
IPHONE 13 PRO MAX,512GB,unlocked,flawless,$335.48 ,516.72,375.00,516.72,465.38,30.00,15.00,10.00,410.38,35.38,9.44%,357.00,53.38,14.95%,Repriced to hit 15% profit
IPHONE 13 PRO MAX,512GB,unlocked,good,$335.48 ,516.72,342.00,516.72,465.38,30.00,15.00,10.00,410.38,68.38,19.99%,342.00,68.38,19.99%,Already ≥ 15% profit – bumped $1.00; capped good to stay $15.00 below flawless
IPHONE 13 PRO MAX,512GB,unlocked,fair,$257.00 ,516.72,266.00,516.72,465.38,30.00,15.00,30.00,390.38,124.38,46.76%,269.00,121.38,45.12%,Already ≥ 15% profit – bumped $3.00
IPHONE 13 PRO MAX,512GB,unlocked,broken,$232.00 ,516.72,190.00,516.72,465.38,30.00,15.00,50.00,370.38,180.38,94.94%,195.00,175.38,89.94%,Already ≥ 15% profit – bumped $5.00
IPHONE 13 PRO MAX,1TB,att,flawless,$399.48 ,525.0,379.00,525.00,473.00,30.00,15.00,10.00,418.00,39.00,10.29%,363.00,55.00,15.15%,Repriced to hit 15% profit
IPHONE 13 PRO MAX,1TB,att,good,$391.00 ,525.0,383.00,525.00,473.00,30.00,15.00,10.00,418.00,35.00,9.14%,348.00,70.00,20.11%,Repriced to hit 15% profit; capped good to stay $15.00 below flawless
IPHONE 13 PRO MAX,1TB,att,fair,$282.00 ,525.0,280.00,525.00,473.00,30.00,15.00,30.00,398.00,118.00,42.14%,281.00,117.00,41.64%,Already ≥ 15% profit – bumped $1.00
IPHONE 13 PRO MAX,1TB,att,broken,$202.00 ,525.0,170.00,525.00,473.00,30.00,15.00,50.00,378.00,208.00,122.35%,175.00,203.00,116.00%,Already ≥ 15% profit – bumped $5.00
IPHONE 13 PRO MAX,1TB,verizon,flawless,$354.00 ,525.0,351.00,525.00,473.00,30.00,15.00,10.00,418.00,67.00,19.09%,352.00,66.00,18.75%,Already ≥ 15% profit – bumped $1.00
IPHONE 13 PRO MAX,1TB,verizon,good,$326.00 ,525.0,328.00,525.00,473.00,30.00,15.00,10.00,418.00,90.00,27.44%,329.00,89.00,27.05%,Already ≥ 15% profit – bumped $1.00
IPHONE 13 PRO MAX,1TB,verizon,fair,$226.00 ,525.0,198.00,525.00,473.00,30.00,15.00,30.00,398.00,200.00,101.01%,203.00,195.00,96.06%,Already ≥ 15% profit – bumped $5.00
IPHONE 13 PRO MAX,1TB,verizon,broken,$187.00 ,525.0,132.00,525.00,473.00,30.00,15.00,50.00,378.00,246.00,186.36%,137.00,241.00,175.91%,Already ≥ 15% profit – bumped $5.00
IPHONE 13 PRO MAX,1TB,tmobile,flawless,$344.00 ,525.0,341.00,525.00,473.00,30.00,15.00,10.00,418.00,77.00,22.58%,342.00,76.00,22.22%,Already ≥ 15% profit – bumped $1.00
IPHONE 13 PRO MAX,1TB,tmobile,good,$316.00 ,525.0,285.00,525.00,473.00,30.00,15.00,10.00,418.00,133.00,46.67%,288.00,130.00,45.14%,Already ≥ 15% profit – bumped $3.00
IPHONE 13 PRO MAX,1TB,tmobile,fair,$207.00 ,525.0,209.00,525.00,473.00,30.00,15.00,30.00,398.00,189.00,90.43%,214.00,184.00,85.98%,Already ≥ 15% profit – bumped $5.00
IPHONE 13 PRO MAX,1TB,tmobile,broken,$167.00 ,525.0,113.00,525.00,473.00,30.00,15.00,50.00,378.00,265.00,234.51%,118.00,260.00,220.34%,Already ≥ 15% profit – bumped $5.00
IPHONE 13 PRO MAX,1TB,unlocked,flawless,$399.48 ,550.0,391.00,550.00,496.00,30.00,15.00,10.00,441.00,50.00,12.79%,383.00,58.00,15.14%,Repriced to hit 15% profit
IPHONE 13 PRO MAX,1TB,unlocked,good,$391.00 ,550.0,362.00,550.00,496.00,30.00,15.00,10.00,441.00,79.00,21.82%,363.00,78.00,21.49%,Already ≥ 15% profit – bumped $1.00
IPHONE 13 PRO MAX,1TB,unlocked,fair,$282.00 ,550.0,281.00,550.00,496.00,30.00,15.00,30.00,421.00,140.00,49.82%,284.00,137.00,48.24%,Already ≥ 15% profit – bumped $3.00
IPHONE 13 PRO MAX,1TB,unlocked,broken,$252.00 ,550.0,220.00,550.00,496.00,30.00,15.00,50.00,401.00,181.00,82.27%,225.00,176.00,78.22%,Already ≥ 15% profit – bumped $5.00
IPHONE 14,128GB,att,flawless,$194.00 ,272.95,178.00,272.95,241.11,19.29,15.00,10.00,196.82,18.82,10.58%,171.00,25.82,15.10%,Repriced to hit 15% profit
IPHONE 14,128GB,att,good,$161.00 ,272.95,146.00,272.95,241.11,19.29,15.00,10.00,196.82,50.82,34.81%,147.00,49.82,33.89%,Already ≥ 15% profit – bumped $1.00
IPHONE 14,128GB,att,fair,$106.00 ,272.95,91.00,272.95,241.11,19.29,15.00,30.00,176.82,85.82,94.31%,96.00,80.82,84.19%,Already ≥ 15% profit – bumped $5.00
IPHONE 14,128GB,att,broken,$74.00 ,272.95,60.00,272.95,241.11,19.29,15.00,50.00,156.82,96.82,161.37%,65.00,91.82,141.27%,Already ≥ 15% profit – bumped $5.00
IPHONE 14,128GB,verizon,flawless,$179.00 ,272.95,178.00,272.95,241.11,19.29,15.00,10.00,196.82,18.82,10.58%,171.00,25.82,15.10%,Repriced to hit 15% profit
IPHONE 14,128GB,verizon,good,$156.00 ,272.95,146.00,272.95,241.11,19.29,15.00,10.00,196.82,50.82,34.81%,147.00,49.82,33.89%,Already ≥ 15% profit – bumped $1.00
IPHONE 14,128GB,verizon,fair,$120.00 ,272.95,91.00,272.95,241.11,19.29,15.00,30.00,176.82,85.82,94.31%,96.00,80.82,84.19%,Already ≥ 15% profit – bumped $5.00
IPHONE 14,128GB,verizon,broken,$74.00 ,272.95,57.00,272.95,241.11,19.29,15.00,50.00,156.82,99.82,175.13%,62.00,94.82,152.94%,Already ≥ 15% profit – bumped $5.00
IPHONE 14,128GB,tmobile,flawless,$163.00 ,272.95,178.00,272.95,241.11,19.29,15.00,10.00,196.82,18.82,10.58%,171.00,25.82,15.10%,Repriced to hit 15% profit
IPHONE 14,128GB,tmobile,good,$133.00 ,272.95,146.00,272.95,241.11,19.29,15.00,10.00,196.82,50.82,34.81%,147.00,49.82,33.89%,Already ≥ 15% profit – bumped $1.00
IPHONE 14,128GB,tmobile,fair,$102.00 ,272.95,91.00,272.95,241.11,19.29,15.00,30.00,176.82,85.82,94.31%,96.00,80.82,84.19%,Already ≥ 15% profit – bumped $5.00
IPHONE 14,128GB,tmobile,broken,$74.00 ,272.95,53.00,272.95,241.11,19.29,15.00,50.00,156.82,103.82,195.90%,58.00,98.82,170.39%,Already ≥ 15% profit – bumped $5.00
IPHONE 14,128GB,unlocked,flawless,$198.42 ,297.95,204.00,297.95,264.11,21.13,15.00,10.00,217.98,13.98,6.86%,190.00,27.98,14.73%,Repriced to hit 15% profit
IPHONE 14,128GB,unlocked,good,$199.00 ,297.95,173.00,297.95,264.11,21.13,15.00,10.00,217.98,44.98,26.00%,174.00,43.98,25.28%,Already ≥ 15% profit – bumped $1.00
IPHONE 14,128GB,unlocked,fair,$149.00 ,297.95,124.00,297.95,264.11,21.13,15.00,30.00,197.98,73.98,59.67%,127.00,70.98,55.89%,Already ≥ 15% profit – bumped $3.00
IPHONE 14,128GB,unlocked,broken,$89.00 ,297.95,81.00,297.95,264.11,21.13,15.00,50.00,177.98,96.98,119.73%,86.00,91.98,106.96%,Already ≥ 15% profit – bumped $5.00
IPHONE 14,256GB,att,flawless,$214.00 ,324.0,210.00,324.00,288.08,23.05,15.00,10.00,240.03,30.03,14.30%,209.00,31.03,14.85%,Repriced to hit 15% profit
IPHONE 14,256GB,att,good,$184.00 ,324.0,170.00,324.00,288.08,23.05,15.00,10.00,240.03,70.03,41.20%,171.00,69.03,40.37%,Already ≥ 15% profit – bumped $1.00
IPHONE 14,256GB,att,fair,$119.00 ,324.0,119.00,324.00,288.08,23.05,15.00,30.00,220.03,101.03,84.90%,124.00,96.03,77.45%,Already ≥ 15% profit – bumped $5.00
IPHONE 14,256GB,att,broken,$109.00 ,324.0,88.00,324.00,288.08,23.05,15.00,50.00,200.03,112.03,127.31%,93.00,107.03,115.09%,Already ≥ 15% profit – bumped $5.00
IPHONE 14,256GB,verizon,flawless,$203.00 ,324.0,202.00,324.00,288.08,23.05,15.00,10.00,240.03,38.03,18.83%,203.00,37.03,18.24%,Already ≥ 15% profit – bumped $1.00
IPHONE 14,256GB,verizon,good,$183.00 ,324.0,174.00,324.00,288.08,23.05,15.00,10.00,240.03,66.03,37.95%,175.00,65.03,37.16%,Already ≥ 15% profit – bumped $1.00
IPHONE 14,256GB,verizon,fair,$126.00 ,324.0,108.00,324.00,288.08,23.05,15.00,30.00,220.03,112.03,103.73%,113.00,107.03,94.72%,Already ≥ 15% profit – bumped $5.00
IPHONE 14,256GB,verizon,broken,$109.00 ,324.0,88.00,324.00,288.08,23.05,15.00,50.00,200.03,112.03,127.31%,93.00,107.03,115.09%,Already ≥ 15% profit – bumped $5.00
IPHONE 14,256GB,tmobile,flawless,$188.00 ,324.0,202.00,324.00,288.08,23.05,15.00,10.00,240.03,38.03,18.83%,203.00,37.03,18.24%,Already ≥ 15% profit – bumped $1.00
IPHONE 14,256GB,tmobile,good,$156.00 ,324.0,166.00,324.00,288.08,23.05,15.00,10.00,240.03,74.03,44.60%,167.00,73.03,43.73%,Already ≥ 15% profit – bumped $1.00
IPHONE 14,256GB,tmobile,fair,$109.00 ,324.0,104.00,324.00,288.08,23.05,15.00,30.00,220.03,116.03,111.57%,109.00,111.03,101.87%,Already ≥ 15% profit – bumped $5.00
IPHONE 14,256GB,tmobile,broken,$97.00 ,324.0,83.00,324.00,288.08,23.05,15.00,50.00,200.03,117.03,141.00%,88.00,112.03,127.31%,Already ≥ 15% profit – bumped $5.00
IPHONE 14,256GB,unlocked,flawless,$227.86 ,349.0,242.00,349.00,311.08,24.89,15.00,10.00,261.19,19.19,7.93%,227.00,34.19,15.06%,Repriced to hit 15% profit
IPHONE 14,256GB,unlocked,good,$227.86 ,349.0,210.00,349.00,311.08,24.89,15.00,10.00,261.19,51.19,24.38%,211.00,50.19,23.79%,Already ≥ 15% profit – bumped $1.00
IPHONE 14,256GB,unlocked,fair,$177.00 ,349.0,159.00,349.00,311.08,24.89,15.00,30.00,241.19,82.19,51.69%,162.00,79.19,48.88%,Already ≥ 15% profit – bumped $3.00
IPHONE 14,256GB,unlocked,broken,$114.00 ,349.0,111.00,349.00,311.08,24.89,15.00,50.00,221.19,110.19,99.27%,116.00,105.19,90.68%,Already ≥ 15% profit – bumped $5.00
IPHONE 14,512GB,att,flawless,$255.83 ,354.0,283.00,354.00,315.68,25.25,15.00,10.00,265.43,-17.57,-6.21%,231.00,34.43,14.90%,Repriced to hit 15% profit
IPHONE 14,512GB,att,good,$251.00 ,354.0,257.00,354.00,315.68,25.25,15.00,10.00,265.43,8.43,3.28%,216.00,49.43,22.88%,Repriced to hit 15% profit; capped good to stay $15.00 below flawless
IPHONE 14,512GB,att,fair,$191.00 ,354.0,191.00,354.00,315.68,25.25,15.00,30.00,245.43,54.43,28.50%,192.00,53.43,27.83%,Already ≥ 15% profit – bumped $1.00
IPHONE 14,512GB,att,broken,$110.00 ,354.0,109.00,354.00,315.68,25.25,15.00,50.00,225.43,116.43,106.81%,114.00,111.43,97.74%,Already ≥ 15% profit – bumped $5.00
IPHONE 14,512GB,verizon,flawless,$255.83 ,354.0,283.00,354.00,315.68,25.25,15.00,10.00,265.43,-17.57,-6.21%,231.00,34.43,14.90%,Repriced to hit 15% profit
IPHONE 14,512GB,verizon,good,$236.00 ,354.0,253.00,354.00,315.68,25.25,15.00,10.00,265.43,12.43,4.91%,216.00,49.43,22.88%,Repriced to hit 15% profit; capped good to stay $15.00 below flawless
IPHONE 14,512GB,verizon,fair,$177.00 ,354.0,159.00,354.00,315.68,25.25,15.00,30.00,245.43,86.43,54.36%,162.00,83.43,51.50%,Already ≥ 15% profit – bumped $3.00
IPHONE 14,512GB,verizon,broken,$114.00 ,354.0,107.00,354.00,315.68,25.25,15.00,50.00,225.43,118.43,110.68%,112.00,113.43,101.27%,Already ≥ 15% profit – bumped $5.00
IPHONE 14,512GB,tmobile,flawless,$231.00 ,354.0,247.00,354.00,315.68,25.25,15.00,10.00,265.43,18.43,7.46%,231.00,34.43,14.90%,Repriced to hit 15% profit
IPHONE 14,512GB,tmobile,good,$211.00 ,354.0,206.00,354.00,315.68,25.25,15.00,10.00,265.43,59.43,28.85%,207.00,58.43,28.22%,Already ≥ 15% profit – bumped $1.00
IPHONE 14,512GB,tmobile,fair,$157.00 ,354.0,154.00,354.00,315.68,25.25,15.00,30.00,245.43,91.43,59.37%,157.00,88.43,56.32%,Already ≥ 15% profit – bumped $3.00
IPHONE 14,512GB,tmobile,broken,$97.00 ,354.0,87.00,354.00,315.68,25.25,15.00,50.00,225.43,138.43,159.11%,92.00,133.43,145.03%,Already ≥ 15% profit – bumped $5.00
IPHONE 14,512GB,unlocked,flawless,$255.83 ,379.0,337.00,379.00,338.68,27.09,15.00,10.00,286.59,-50.41,-14.96%,249.00,37.59,15.09%,Repriced to hit 15% profit
IPHONE 14,512GB,unlocked,good,$255.83 ,379.0,294.00,379.00,338.68,27.09,15.00,10.00,286.59,-7.41,-2.52%,234.00,52.59,22.47%,Repriced to hit 15% profit; capped good to stay $15.00 below flawless
IPHONE 14,512GB,unlocked,fair,$231.00 ,379.0,230.00,379.00,338.68,27.09,15.00,30.00,266.59,36.59,15.91%,231.00,35.59,15.41%,Already ≥ 15% profit – bumped $1.00
IPHONE 14,512GB,unlocked,broken,$115.00 ,379.0,125.00,379.00,338.68,27.09,15.00,50.00,246.59,121.59,97.27%,130.00,116.59,89.68%,Already ≥ 15% profit – bumped $5.00
IPHONE 14 PLUS,128GB,att,flawless,$213.14 ,275.0,200.00,275.00,243.00,19.44,15.00,10.00,198.56,-1.44,-0.72%,173.00,25.56,14.77%,Repriced to hit 15% profit
IPHONE 14 PLUS,128GB,att,good,$195.00 ,275.0,163.00,275.00,243.00,19.44,15.00,10.00,198.56,35.56,21.82%,158.00,40.56,25.67%,Already ≥ 15% profit – bumped $1.00; capped good to stay $15.00 below flawless
IPHONE 14 PLUS,128GB,att,fair,$147.00 ,275.0,111.00,275.00,243.00,19.44,15.00,30.00,178.56,67.56,60.86%,114.00,64.56,56.63%,Already ≥ 15% profit – bumped $3.00
IPHONE 14 PLUS,128GB,att,broken,$122.00 ,275.0,81.00,275.00,243.00,19.44,15.00,50.00,158.56,77.56,95.75%,86.00,72.56,84.37%,Already ≥ 15% profit – bumped $5.00
IPHONE 14 PLUS,128GB,verizon,flawless,$213.14 ,275.0,199.00,275.00,243.00,19.44,15.00,10.00,198.56,-0.44,-0.22%,173.00,25.56,14.77%,Repriced to hit 15% profit
IPHONE 14 PLUS,128GB,verizon,good,$211.00 ,275.0,166.00,275.00,243.00,19.44,15.00,10.00,198.56,32.56,19.61%,158.00,40.56,25.67%,Already ≥ 15% profit – bumped $1.00; capped good to stay $15.00 below flawless
IPHONE 14 PLUS,128GB,verizon,fair,$152.00 ,275.0,111.00,275.00,243.00,19.44,15.00,30.00,178.56,67.56,60.86%,114.00,64.56,56.63%,Already ≥ 15% profit – bumped $3.00
IPHONE 14 PLUS,128GB,verizon,broken,$127.00 ,275.0,86.00,275.00,243.00,19.44,15.00,50.00,158.56,72.56,84.37%,91.00,67.56,74.24%,Already ≥ 15% profit – bumped $5.00
IPHONE 14 PLUS,128GB,tmobile,flawless,$207.00 ,275.0,189.00,275.00,243.00,19.44,15.00,10.00,198.56,9.56,5.06%,173.00,25.56,14.77%,Repriced to hit 15% profit
IPHONE 14 PLUS,128GB,tmobile,good,$173.00 ,275.0,163.00,275.00,243.00,19.44,15.00,10.00,198.56,35.56,21.82%,158.00,40.56,25.67%,Already ≥ 15% profit – bumped $1.00; capped good to stay $15.00 below flawless
IPHONE 14 PLUS,128GB,tmobile,fair,$127.00 ,275.0,109.00,275.00,243.00,19.44,15.00,30.00,178.56,69.56,63.82%,112.00,66.56,59.43%,Already ≥ 15% profit – bumped $3.00
IPHONE 14 PLUS,128GB,tmobile,broken,$103.00 ,275.0,71.00,275.00,243.00,19.44,15.00,50.00,158.56,87.56,123.32%,76.00,82.56,108.63%,Already ≥ 15% profit – bumped $5.00
IPHONE 14 PLUS,128GB,unlocked,flawless,$213.14 ,300.0,238.00,300.00,266.00,21.28,15.00,10.00,219.72,-18.28,-7.68%,191.00,28.72,15.04%,Repriced to hit 15% profit
IPHONE 14 PLUS,128GB,unlocked,good,$213.14 ,300.0,200.00,300.00,266.00,21.28,15.00,10.00,219.72,19.72,9.86%,176.00,43.72,24.84%,Repriced to hit 15% profit; capped good to stay $15.00 below flawless
IPHONE 14 PLUS,128GB,unlocked,fair,$187.00 ,300.0,159.00,300.00,266.00,21.28,15.00,30.00,199.72,40.72,25.61%,160.00,39.72,24.82%,Already ≥ 15% profit – bumped $1.00
IPHONE 14 PLUS,128GB,unlocked,broken,$128.00 ,300.0,101.00,300.00,266.00,21.28,15.00,50.00,179.72,78.72,77.94%,106.00,73.72,69.55%,Already ≥ 15% profit – bumped $5.00
IPHONE 14 PLUS,256GB,att,flawless,$238.90 ,330.0,231.00,330.00,293.60,23.49,15.00,10.00,245.11,14.11,6.11%,213.00,32.11,15.08%,Repriced to hit 15% profit
IPHONE 14 PLUS,256GB,att,good,$227.00 ,330.0,202.00,330.00,293.60,23.49,15.00,10.00,245.11,43.11,21.34%,198.00,47.11,23.79%,Already ≥ 15% profit – bumped $1.00; capped good to stay $15.00 below flawless
IPHONE 14 PLUS,256GB,att,fair,$177.00 ,330.0,149.00,330.00,293.60,23.49,15.00,30.00,225.11,76.11,51.08%,152.00,73.11,48.10%,Already ≥ 15% profit – bumped $3.00
IPHONE 14 PLUS,256GB,att,broken,$133.00 ,330.0,86.00,330.00,293.60,23.49,15.00,50.00,205.11,119.11,138.50%,91.00,114.11,125.40%,Already ≥ 15% profit – bumped $5.00
IPHONE 14 PLUS,256GB,verizon,flawless,$238.90 ,330.0,231.00,330.00,293.60,23.49,15.00,10.00,245.11,14.11,6.11%,213.00,32.11,15.08%,Repriced to hit 15% profit
IPHONE 14 PLUS,256GB,verizon,good,$238.90 ,330.0,196.00,330.00,293.60,23.49,15.00,10.00,245.11,49.11,25.06%,197.00,48.11,24.42%,Already ≥ 15% profit – bumped $1.00
IPHONE 14 PLUS,256GB,verizon,fair,$162.00 ,330.0,131.00,330.00,293.60,23.49,15.00,30.00,225.11,94.11,71.84%,134.00,91.11,67.99%,Already ≥ 15% profit – bumped $3.00
IPHONE 14 PLUS,256GB,verizon,broken,$138.00 ,330.0,91.00,330.00,293.60,23.49,15.00,50.00,205.11,114.11,125.40%,96.00,109.11,113.66%,Already ≥ 15% profit – bumped $5.00
IPHONE 14 PLUS,256GB,tmobile,flawless,$239.00 ,330.0,231.00,330.00,293.60,23.49,15.00,10.00,245.11,14.11,6.11%,213.00,32.11,15.08%,Repriced to hit 15% profit
IPHONE 14 PLUS,256GB,tmobile,good,$205.00 ,330.0,191.00,330.00,293.60,23.49,15.00,10.00,245.11,54.11,28.33%,192.00,53.11,27.66%,Already ≥ 15% profit – bumped $1.00
IPHONE 14 PLUS,256GB,tmobile,fair,$147.00 ,330.0,149.00,330.00,293.60,23.49,15.00,30.00,225.11,76.11,51.08%,152.00,73.11,48.10%,Already ≥ 15% profit – bumped $3.00
IPHONE 14 PLUS,256GB,tmobile,broken,$113.00 ,330.0,76.00,330.00,293.60,23.49,15.00,50.00,205.11,129.11,169.88%,81.00,124.11,153.22%,Already ≥ 15% profit – bumped $5.00
IPHONE 14 PLUS,256GB,unlocked,flawless,$238.90 ,355.0,282.00,355.00,316.60,25.33,15.00,10.00,266.27,-15.73,-5.58%,232.00,34.27,14.77%,Repriced to hit 15% profit
IPHONE 14 PLUS,256GB,unlocked,good,$238.90 ,355.0,242.00,355.00,316.60,25.33,15.00,10.00,266.27,24.27,10.03%,217.00,49.27,22.71%,Repriced to hit 15% profit; capped good to stay $15.00 below flawless
IPHONE 14 PLUS,256GB,unlocked,fair,$212.00 ,355.0,196.00,355.00,316.60,25.33,15.00,30.00,246.27,50.27,25.65%,197.00,49.27,25.01%,Already ≥ 15% profit – bumped $1.00
IPHONE 14 PLUS,256GB,unlocked,broken,$138.00 ,355.0,106.00,355.00,316.60,25.33,15.00,50.00,226.27,120.27,113.46%,111.00,115.27,103.85%,Already ≥ 15% profit – bumped $5.00
IPHONE 14 PLUS,512GB,att,flawless,$268.34 ,383.0,288.00,383.00,342.36,27.39,15.00,10.00,289.97,1.97,0.68%,252.00,37.97,15.07%,Repriced to hit 15% profit
IPHONE 14 PLUS,512GB,att,good,$268.34 ,383.0,251.00,383.00,342.36,27.39,15.00,10.00,289.97,38.97,15.53%,237.00,52.97,22.35%,Already ≥ 15% profit – bumped $1.00; capped good to stay $15.00 below flawless
IPHONE 14 PLUS,512GB,att,fair,$212.00 ,383.0,169.00,383.00,342.36,27.39,15.00,30.00,269.97,100.97,59.75%,172.00,97.97,56.96%,Already ≥ 15% profit – bumped $3.00
IPHONE 14 PLUS,512GB,att,broken,$143.00 ,383.0,101.00,383.00,342.36,27.39,15.00,50.00,249.97,148.97,147.50%,106.00,143.97,135.82%,Already ≥ 15% profit – bumped $5.00
IPHONE 14 PLUS,512GB,verizon,flawless,$268.34 ,383.0,288.00,383.00,342.36,27.39,15.00,10.00,289.97,1.97,0.68%,252.00,37.97,15.07%,Repriced to hit 15% profit
IPHONE 14 PLUS,512GB,verizon,good,$268.34 ,383.0,250.00,383.00,342.36,27.39,15.00,10.00,289.97,39.97,15.99%,237.00,52.97,22.35%,Already ≥ 15% profit – bumped $1.00; capped good to stay $15.00 below flawless
IPHONE 14 PLUS,512GB,verizon,fair,$187.00 ,383.0,167.00,383.00,342.36,27.39,15.00,30.00,269.97,102.97,61.66%,170.00,99.97,58.81%,Already ≥ 15% profit – bumped $3.00
IPHONE 14 PLUS,512GB,verizon,broken,$148.00 ,383.0,106.00,383.00,342.36,27.39,15.00,50.00,249.97,143.97,135.82%,111.00,138.97,125.20%,Already ≥ 15% profit – bumped $5.00
IPHONE 14 PLUS,512GB,tmobile,flawless,$268.34 ,383.0,260.00,383.00,342.36,27.39,15.00,10.00,289.97,29.97,11.53%,252.00,37.97,15.07%,Repriced to hit 15% profit
IPHONE 14 PLUS,512GB,tmobile,good,$268.34 ,383.0,227.00,383.00,342.36,27.39,15.00,10.00,289.97,62.97,27.74%,228.00,61.97,27.18%,Already ≥ 15% profit – bumped $1.00
IPHONE 14 PLUS,512GB,tmobile,fair,$182.00 ,383.0,169.00,383.00,342.36,27.39,15.00,30.00,269.97,100.97,59.75%,172.00,97.97,56.96%,Already ≥ 15% profit – bumped $3.00
IPHONE 14 PLUS,512GB,tmobile,broken,$123.00 ,383.0,91.00,383.00,342.36,27.39,15.00,50.00,249.97,158.97,174.69%,96.00,153.97,160.39%,Already ≥ 15% profit – bumped $5.00
IPHONE 14 PLUS,512GB,unlocked,flawless,$268.34 ,408.0,301.00,408.00,365.36,29.23,15.00,10.00,311.13,10.13,3.37%,271.00,40.13,14.81%,Repriced to hit 15% profit
IPHONE 14 PLUS,512GB,unlocked,good,$268.34 ,408.0,263.00,408.00,365.36,29.23,15.00,10.00,311.13,48.13,18.30%,256.00,55.13,21.54%,Already ≥ 15% profit – bumped $1.00; capped good to stay $15.00 below flawless
IPHONE 14 PLUS,512GB,unlocked,fair,$232.00 ,408.0,216.00,408.00,365.36,29.23,15.00,30.00,291.13,75.13,34.78%,217.00,74.13,34.16%,Already ≥ 15% profit – bumped $1.00
IPHONE 14 PLUS,512GB,unlocked,broken,$148.00 ,408.0,111.00,408.00,365.36,29.23,15.00,50.00,271.13,160.13,144.26%,116.00,155.13,133.73%,Already ≥ 15% profit – bumped $5.00
IPHONE 14 PRO,128GB,att,flawless,$279.48 ,358.0,264.00,358.00,319.36,25.55,15.00,10.00,268.81,4.81,1.82%,234.00,34.81,14.88%,Repriced to hit 15% profit
IPHONE 14 PRO,128GB,att,good,$279.48 ,358.0,204.00,358.00,319.36,25.55,15.00,10.00,268.81,64.81,31.77%,205.00,63.81,31.13%,Already ≥ 15% profit – bumped $1.00
IPHONE 14 PRO,128GB,att,fair,$170.00 ,358.0,144.00,358.00,319.36,25.55,15.00,30.00,248.81,104.81,72.79%,147.00,101.81,69.26%,Already ≥ 15% profit – bumped $3.00
IPHONE 14 PRO,128GB,att,broken,$139.00 ,358.0,116.00,358.00,319.36,25.55,15.00,50.00,228.81,112.81,97.25%,121.00,107.81,89.10%,Already ≥ 15% profit – bumped $5.00
IPHONE 14 PRO,128GB,verizon,flawless,$279.48 ,358.0,256.00,358.00,319.36,25.55,15.00,10.00,268.81,12.81,5.00%,234.00,34.81,14.88%,Repriced to hit 15% profit
IPHONE 14 PRO,128GB,verizon,good,$277.00 ,358.0,226.00,358.00,319.36,25.55,15.00,10.00,268.81,42.81,18.94%,219.00,49.81,22.74%,Already ≥ 15% profit – bumped $1.00; capped good to stay $15.00 below flawless
IPHONE 14 PRO,128GB,verizon,fair,$178.00 ,358.0,148.00,358.00,319.36,25.55,15.00,30.00,248.81,100.81,68.12%,151.00,97.81,64.78%,Already ≥ 15% profit – bumped $3.00
IPHONE 14 PRO,128GB,verizon,broken,$148.00 ,358.0,126.00,358.00,319.36,25.55,15.00,50.00,228.81,102.81,81.60%,131.00,97.81,74.67%,Already ≥ 15% profit – bumped $5.00
IPHONE 14 PRO,128GB,tmobile,flawless,$273.00 ,358.0,259.00,358.00,319.36,25.55,15.00,10.00,268.81,9.81,3.79%,234.00,34.81,14.88%,Repriced to hit 15% profit
IPHONE 14 PRO,128GB,tmobile,good,$256.00 ,358.0,206.00,358.00,319.36,25.55,15.00,10.00,268.81,62.81,30.49%,207.00,61.81,29.86%,Already ≥ 15% profit – bumped $1.00
IPHONE 14 PRO,128GB,tmobile,fair,$155.00 ,358.0,136.00,358.00,319.36,25.55,15.00,30.00,248.81,112.81,82.95%,141.00,107.81,76.46%,Already ≥ 15% profit – bumped $5.00
IPHONE 14 PRO,128GB,tmobile,broken,$132.00 ,358.0,106.00,358.00,319.36,25.55,15.00,50.00,228.81,122.81,115.86%,111.00,117.81,106.14%,Already ≥ 15% profit – bumped $5.00
IPHONE 14 PRO,128GB,unlocked,flawless,$279.48 ,383.0,338.00,383.00,342.36,27.39,15.00,10.00,289.97,-48.03,-14.21%,252.00,37.97,15.07%,Repriced to hit 15% profit
IPHONE 14 PRO,128GB,unlocked,good,$279.48 ,383.0,285.00,383.00,342.36,27.39,15.00,10.00,289.97,4.97,1.74%,237.00,52.97,22.35%,Repriced to hit 15% profit; capped good to stay $15.00 below flawless
IPHONE 14 PRO,128GB,unlocked,fair,$227.00 ,383.0,214.00,383.00,342.36,27.39,15.00,30.00,269.97,55.97,26.15%,215.00,54.97,25.57%,Already ≥ 15% profit – bumped $1.00
IPHONE 14 PRO,128GB,unlocked,broken,$173.00 ,383.0,141.00,383.00,342.36,27.39,15.00,50.00,249.97,108.97,77.28%,146.00,103.97,71.21%,Already ≥ 15% profit – bumped $5.00
IPHONE 14 PRO,256GB,att,flawless,$299.48 ,389.0,309.00,389.00,347.88,27.83,15.00,10.00,295.05,-13.95,-4.51%,257.00,38.05,14.81%,Repriced to hit 15% profit
IPHONE 14 PRO,256GB,att,good,$299.48 ,389.0,246.00,389.00,347.88,27.83,15.00,10.00,295.05,49.05,19.94%,242.00,53.05,21.92%,Already ≥ 15% profit – bumped $1.00; capped good to stay $15.00 below flawless
IPHONE 14 PRO,256GB,att,fair,$196.00 ,389.0,169.00,389.00,347.88,27.83,15.00,30.00,275.05,106.05,62.75%,172.00,103.05,59.91%,Already ≥ 15% profit – bumped $3.00
IPHONE 14 PRO,256GB,att,broken,$145.00 ,389.0,106.00,389.00,347.88,27.83,15.00,50.00,255.05,149.05,140.61%,111.00,144.05,129.77%,Already ≥ 15% profit – bumped $5.00
IPHONE 14 PRO,256GB,verizon,flawless,$299.48 ,389.0,309.00,389.00,347.88,27.83,15.00,10.00,295.05,-13.95,-4.51%,257.00,38.05,14.81%,Repriced to hit 15% profit
IPHONE 14 PRO,256GB,verizon,good,$299.48 ,389.0,271.00,389.00,347.88,27.83,15.00,10.00,295.05,24.05,8.87%,242.00,53.05,21.92%,Repriced to hit 15% profit; capped good to stay $15.00 below flawless
IPHONE 14 PRO,256GB,verizon,fair,$201.00 ,389.0,176.00,389.00,347.88,27.83,15.00,30.00,275.05,99.05,56.28%,179.00,96.05,53.66%,Already ≥ 15% profit – bumped $3.00
IPHONE 14 PRO,256GB,verizon,broken,$158.00 ,389.0,136.00,389.00,347.88,27.83,15.00,50.00,255.05,119.05,87.54%,141.00,114.05,80.89%,Already ≥ 15% profit – bumped $5.00
IPHONE 14 PRO,256GB,tmobile,flawless,$299.48 ,389.0,289.00,389.00,347.88,27.83,15.00,10.00,295.05,6.05,2.09%,257.00,38.05,14.81%,Repriced to hit 15% profit
IPHONE 14 PRO,256GB,tmobile,good,$293.00 ,389.0,251.00,389.00,347.88,27.83,15.00,10.00,295.05,44.05,17.55%,242.00,53.05,21.92%,Already ≥ 15% profit – bumped $1.00; capped good to stay $15.00 below flawless
IPHONE 14 PRO,256GB,tmobile,fair,$177.00 ,389.0,164.00,389.00,347.88,27.83,15.00,30.00,275.05,111.05,67.71%,167.00,108.05,64.70%,Already ≥ 15% profit – bumped $3.00
IPHONE 14 PRO,256GB,tmobile,broken,$147.00 ,389.0,116.00,389.00,347.88,27.83,15.00,50.00,255.05,139.05,119.87%,121.00,134.05,110.78%,Already ≥ 15% profit – bumped $5.00
IPHONE 14 PRO,256GB,unlocked,flawless,$299.48 ,414.0,372.00,414.00,370.88,29.67,15.00,10.00,316.21,-55.79,-15.00%,275.00,41.21,14.99%,Repriced to hit 15% profit
IPHONE 14 PRO,256GB,unlocked,good,$299.48 ,414.0,316.00,414.00,370.88,29.67,15.00,10.00,316.21,0.21,0.07%,260.00,56.21,21.62%,Repriced to hit 15% profit; capped good to stay $15.00 below flawless
IPHONE 14 PRO,256GB,unlocked,fair,$257.00 ,414.0,244.00,414.00,370.88,29.67,15.00,30.00,296.21,52.21,21.40%,245.00,51.21,20.90%,Already ≥ 15% profit – bumped $1.00
IPHONE 14 PRO,256GB,unlocked,broken,$194.00 ,414.0,151.00,414.00,370.88,29.67,15.00,50.00,276.21,125.21,82.92%,156.00,120.21,77.06%,Already ≥ 15% profit – bumped $5.00
IPHONE 14 PRO,512GB,att,flawless,$323.48 ,410.0,319.00,410.00,367.20,29.38,15.00,10.00,312.82,-6.18,-1.94%,272.00,40.82,15.01%,Repriced to hit 15% profit
IPHONE 14 PRO,512GB,att,good,$323.48 ,410.0,256.00,410.00,367.20,29.38,15.00,10.00,312.82,56.82,22.20%,257.00,55.82,21.72%,Already ≥ 15% profit – bumped $1.00
IPHONE 14 PRO,512GB,att,fair,$209.00 ,410.0,180.00,410.00,367.20,29.38,15.00,30.00,292.82,112.82,62.68%,183.00,109.82,60.01%,Already ≥ 15% profit – bumped $3.00
IPHONE 14 PRO,512GB,att,broken,$152.00 ,410.0,116.00,410.00,367.20,29.38,15.00,50.00,272.82,156.82,135.19%,121.00,151.82,125.47%,Already ≥ 15% profit – bumped $5.00
IPHONE 14 PRO,512GB,verizon,flawless,$323.48 ,410.0,309.00,410.00,367.20,29.38,15.00,10.00,312.82,3.82,1.24%,272.00,40.82,15.01%,Repriced to hit 15% profit
IPHONE 14 PRO,512GB,verizon,good,$323.48 ,410.0,271.00,410.00,367.20,29.38,15.00,10.00,312.82,41.82,15.43%,257.00,55.82,21.72%,Already ≥ 15% profit – bumped $1.00; capped good to stay $15.00 below flawless
IPHONE 14 PRO,512GB,verizon,fair,$216.00 ,410.0,179.00,410.00,367.20,29.38,15.00,30.00,292.82,113.82,63.59%,182.00,110.82,60.89%,Already ≥ 15% profit – bumped $3.00
IPHONE 14 PRO,512GB,verizon,broken,$173.00 ,410.0,146.00,410.00,367.20,29.38,15.00,50.00,272.82,126.82,86.87%,151.00,121.82,80.68%,Already ≥ 15% profit – bumped $5.00
IPHONE 14 PRO,512GB,tmobile,flawless,$323.48 ,410.0,319.00,410.00,367.20,29.38,15.00,10.00,312.82,-6.18,-1.94%,272.00,40.82,15.01%,Repriced to hit 15% profit
IPHONE 14 PRO,512GB,tmobile,good,$322.00 ,410.0,266.00,410.00,367.20,29.38,15.00,10.00,312.82,46.82,17.60%,257.00,55.82,21.72%,Already ≥ 15% profit – bumped $1.00; capped good to stay $15.00 below flawless
IPHONE 14 PRO,512GB,tmobile,fair,$217.00 ,410.0,194.00,410.00,367.20,29.38,15.00,30.00,292.82,98.82,50.94%,197.00,95.82,48.64%,Already ≥ 15% profit – bumped $3.00
IPHONE 14 PRO,512GB,tmobile,broken,$151.00 ,410.0,126.00,410.00,367.20,29.38,15.00,50.00,272.82,146.82,116.53%,131.00,141.82,108.26%,Already ≥ 15% profit – bumped $5.00
IPHONE 14 PRO,512GB,unlocked,flawless,$323.48 ,435.0,404.00,435.00,390.20,30.00,15.00,10.00,335.20,-68.80,-17.03%,291.00,44.20,15.19%,Repriced to hit 15% profit
IPHONE 14 PRO,512GB,unlocked,good,$323.48 ,435.0,345.00,435.00,390.20,30.00,15.00,10.00,335.20,-9.80,-2.84%,276.00,59.20,21.45%,Repriced to hit 15% profit; capped good to stay $15.00 below flawless
IPHONE 14 PRO,512GB,unlocked,fair,$297.00 ,435.0,272.00,435.00,390.20,30.00,15.00,30.00,315.20,43.20,15.88%,273.00,42.20,15.46%,Already ≥ 15% profit – bumped $1.00
IPHONE 14 PRO,512GB,unlocked,broken,$234.00 ,435.0,151.00,435.00,390.20,30.00,15.00,50.00,295.20,144.20,95.50%,156.00,139.20,89.23%,Already ≥ 15% profit – bumped $5.00
IPHONE 14 PRO,1TB,att,flawless,$367.48 ,445.0,372.00,445.00,399.40,30.00,15.00,10.00,344.40,-27.60,-7.42%,299.00,45.40,15.18%,Repriced to hit 15% profit
IPHONE 14 PRO,1TB,att,good,$364.00 ,445.0,294.00,445.00,399.40,30.00,15.00,10.00,344.40,50.40,17.14%,284.00,60.40,21.27%,Already ≥ 15% profit – bumped $1.00; capped good to stay $15.00 below flawless
IPHONE 14 PRO,1TB,att,fair,$226.00 ,445.0,202.00,445.00,399.40,30.00,15.00,30.00,324.40,122.40,60.59%,205.00,119.40,58.24%,Already ≥ 15% profit – bumped $3.00
IPHONE 14 PRO,1TB,att,broken,$154.00 ,445.0,126.00,445.00,399.40,30.00,15.00,50.00,304.40,178.40,141.59%,131.00,173.40,132.37%,Already ≥ 15% profit – bumped $5.00
IPHONE 14 PRO,1TB,verizon,flawless,$367.48 ,445.0,362.00,445.00,399.40,30.00,15.00,10.00,344.40,-17.60,-4.86%,299.00,45.40,15.18%,Repriced to hit 15% profit
IPHONE 14 PRO,1TB,verizon,good,$364.00 ,445.0,319.00,445.00,399.40,30.00,15.00,10.00,344.40,25.40,7.96%,284.00,60.40,21.27%,Repriced to hit 15% profit; capped good to stay $15.00 below flawless
IPHONE 14 PRO,1TB,verizon,fair,$232.00 ,445.0,207.00,445.00,399.40,30.00,15.00,30.00,324.40,117.40,56.71%,210.00,114.40,54.48%,Already ≥ 15% profit – bumped $3.00
IPHONE 14 PRO,1TB,verizon,broken,$176.00 ,445.0,131.00,445.00,399.40,30.00,15.00,50.00,304.40,173.40,132.37%,136.00,168.40,123.82%,Already ≥ 15% profit – bumped $5.00
IPHONE 14 PRO,1TB,tmobile,flawless,$367.48 ,445.0,348.00,445.00,399.40,30.00,15.00,10.00,344.40,-3.60,-1.03%,299.00,45.40,15.18%,Repriced to hit 15% profit
IPHONE 14 PRO,1TB,tmobile,good,$354.00 ,445.0,304.00,445.00,399.40,30.00,15.00,10.00,344.40,40.40,13.29%,284.00,60.40,21.27%,Repriced to hit 15% profit; capped good to stay $15.00 below flawless
IPHONE 14 PRO,1TB,tmobile,fair,$237.00 ,445.0,214.00,445.00,399.40,30.00,15.00,30.00,324.40,110.40,51.59%,217.00,107.40,49.49%,Already ≥ 15% profit – bumped $3.00
IPHONE 14 PRO,1TB,tmobile,broken,$163.00 ,445.0,104.00,445.00,399.40,30.00,15.00,50.00,304.40,200.40,192.69%,109.00,195.40,179.27%,Already ≥ 15% profit – bumped $5.00
IPHONE 14 PRO,1TB,unlocked,flawless,$367.48 ,470.0,426.00,470.00,422.40,30.00,15.00,10.00,367.40,-58.60,-13.76%,319.00,48.40,15.17%,Repriced to hit 15% profit
IPHONE 14 PRO,1TB,unlocked,good,$367.48 ,470.0,379.00,470.00,422.40,30.00,15.00,10.00,367.40,-11.60,-3.06%,304.00,63.40,20.86%,Repriced to hit 15% profit; capped good to stay $15.00 below flawless
IPHONE 14 PRO,1TB,unlocked,fair,$316.00 ,470.0,291.00,470.00,422.40,30.00,15.00,30.00,347.40,56.40,19.38%,292.00,55.40,18.97%,Already ≥ 15% profit – bumped $1.00
IPHONE 14 PRO,1TB,unlocked,broken,$243.00 ,470.0,156.00,470.00,422.40,30.00,15.00,50.00,327.40,171.40,109.87%,161.00,166.40,103.35%,Already ≥ 15% profit – bumped $5.00
IPHONE 14 PRO MAX,128GB,att,flawless,$327.00 ,455.0,338.00,455.00,408.60,30.00,15.00,10.00,353.60,15.60,4.62%,307.00,46.60,15.18%,Repriced to hit 15% profit
IPHONE 14 PRO MAX,128GB,att,good,$296.00 ,455.0,269.00,455.00,408.60,30.00,15.00,10.00,353.60,84.60,31.45%,270.00,83.60,30.96%,Already ≥ 15% profit – bumped $1.00
IPHONE 14 PRO MAX,128GB,att,fair,$207.00 ,455.0,184.00,455.00,408.60,30.00,15.00,30.00,333.60,149.60,81.30%,189.00,144.60,76.51%,Already ≥ 15% profit – bumped $5.00
IPHONE 14 PRO MAX,128GB,att,broken,$173.00 ,455.0,123.00,455.00,408.60,30.00,15.00,50.00,313.60,190.60,154.96%,128.00,185.60,145.00%,Already ≥ 15% profit – bumped $5.00
IPHONE 14 PRO MAX,128GB,verizon,flawless,$281.00 ,455.0,288.00,455.00,408.60,30.00,15.00,10.00,353.60,65.60,22.78%,289.00,64.60,22.35%,Already ≥ 15% profit – bumped $1.00
IPHONE 14 PRO MAX,128GB,verizon,good,$255.00 ,455.0,227.00,455.00,408.60,30.00,15.00,10.00,353.60,126.60,55.77%,230.00,123.60,53.74%,Already ≥ 15% profit – bumped $3.00
IPHONE 14 PRO MAX,128GB,verizon,fair,$187.00 ,455.0,142.00,455.00,408.60,30.00,15.00,30.00,333.60,191.60,134.93%,147.00,186.60,126.94%,Already ≥ 15% profit – bumped $5.00
IPHONE 14 PRO MAX,128GB,verizon,broken,$183.00 ,455.0,123.00,455.00,408.60,30.00,15.00,50.00,313.60,190.60,154.96%,128.00,185.60,145.00%,Already ≥ 15% profit – bumped $5.00
IPHONE 14 PRO MAX,128GB,tmobile,flawless,$335.48 ,455.0,353.00,455.00,408.60,30.00,15.00,10.00,353.60,0.60,0.17%,307.00,46.60,15.18%,Repriced to hit 15% profit
IPHONE 14 PRO MAX,128GB,tmobile,good,$312.00 ,455.0,284.00,455.00,408.60,30.00,15.00,10.00,353.60,69.60,24.51%,285.00,68.60,24.07%,Already ≥ 15% profit – bumped $1.00
IPHONE 14 PRO MAX,128GB,tmobile,fair,$222.00 ,455.0,199.00,455.00,408.60,30.00,15.00,30.00,333.60,134.60,67.64%,202.00,131.60,65.15%,Already ≥ 15% profit – bumped $3.00
IPHONE 14 PRO MAX,128GB,tmobile,broken,$173.00 ,455.0,121.00,455.00,408.60,30.00,15.00,50.00,313.60,192.60,159.17%,126.00,187.60,148.89%,Already ≥ 15% profit – bumped $5.00
IPHONE 14 PRO MAX,128GB,unlocked,flawless,$335.48 ,480.0,432.00,480.00,431.60,30.00,15.00,10.00,376.60,-55.40,-12.82%,327.00,49.60,15.17%,Repriced to hit 15% profit
IPHONE 14 PRO MAX,128GB,unlocked,good,$335.48 ,480.0,368.00,480.00,431.60,30.00,15.00,10.00,376.60,8.60,2.34%,312.00,64.60,20.71%,Repriced to hit 15% profit; capped good to stay $15.00 below flawless
IPHONE 14 PRO MAX,128GB,unlocked,fair,$306.00 ,480.0,284.00,480.00,431.60,30.00,15.00,30.00,356.60,72.60,25.56%,285.00,71.60,25.12%,Already ≥ 15% profit – bumped $1.00
IPHONE 14 PRO MAX,128GB,unlocked,broken,$213.00 ,480.0,173.00,480.00,431.60,30.00,15.00,50.00,336.60,163.60,94.57%,178.00,158.60,89.10%,Already ≥ 15% profit – bumped $5.00
IPHONE 14 PRO MAX,256GB,att,flawless,$343.48 ,495.0,358.00,495.00,445.40,30.00,15.00,10.00,390.40,32.40,9.05%,339.00,51.40,15.16%,Repriced to hit 15% profit
IPHONE 14 PRO MAX,256GB,att,good,$327.00 ,495.0,289.00,495.00,445.40,30.00,15.00,10.00,390.40,101.40,35.09%,290.00,100.40,34.62%,Already ≥ 15% profit – bumped $1.00
IPHONE 14 PRO MAX,256GB,att,fair,$242.00 ,495.0,204.00,495.00,445.40,30.00,15.00,30.00,370.40,166.40,81.57%,209.00,161.40,77.22%,Already ≥ 15% profit – bumped $5.00
IPHONE 14 PRO MAX,256GB,att,broken,$193.00 ,495.0,143.00,495.00,445.40,30.00,15.00,50.00,350.40,207.40,145.03%,148.00,202.40,136.76%,Already ≥ 15% profit – bumped $5.00
IPHONE 14 PRO MAX,256GB,verizon,flawless,$343.48 ,495.0,308.00,495.00,445.40,30.00,15.00,10.00,390.40,82.40,26.75%,309.00,81.40,26.34%,Already ≥ 15% profit – bumped $1.00
IPHONE 14 PRO MAX,256GB,verizon,good,$290.00 ,495.0,248.00,495.00,445.40,30.00,15.00,10.00,390.40,142.40,57.42%,251.00,139.40,55.54%,Already ≥ 15% profit – bumped $3.00
IPHONE 14 PRO MAX,256GB,verizon,fair,$202.00 ,495.0,154.00,495.00,445.40,30.00,15.00,30.00,370.40,216.40,140.52%,159.00,211.40,132.96%,Already ≥ 15% profit – bumped $5.00
IPHONE 14 PRO MAX,256GB,verizon,broken,$203.00 ,495.0,143.00,495.00,445.40,30.00,15.00,50.00,350.40,207.40,145.03%,148.00,202.40,136.76%,Already ≥ 15% profit – bumped $5.00
IPHONE 14 PRO MAX,256GB,tmobile,flawless,$343.48 ,495.0,373.00,495.00,445.40,30.00,15.00,10.00,390.40,17.40,4.66%,339.00,51.40,15.16%,Repriced to hit 15% profit
IPHONE 14 PRO MAX,256GB,tmobile,good,$342.00 ,495.0,304.00,495.00,445.40,30.00,15.00,10.00,390.40,86.40,28.42%,305.00,85.40,28.00%,Already ≥ 15% profit – bumped $1.00
IPHONE 14 PRO MAX,256GB,tmobile,fair,$257.00 ,495.0,219.00,495.00,445.40,30.00,15.00,30.00,370.40,151.40,69.13%,222.00,148.40,66.85%,Already ≥ 15% profit – bumped $3.00
IPHONE 14 PRO MAX,256GB,tmobile,broken,$193.00 ,495.0,130.00,495.00,445.40,30.00,15.00,50.00,350.40,220.40,169.54%,135.00,215.40,159.56%,Already ≥ 15% profit – bumped $5.00
IPHONE 14 PRO MAX,256GB,unlocked,flawless,$343.48 ,520.0,454.00,520.00,468.40,30.00,15.00,10.00,413.40,-40.60,-8.94%,359.00,54.40,15.15%,Repriced to hit 15% profit
IPHONE 14 PRO MAX,256GB,unlocked,good,$343.48 ,520.0,388.00,520.00,468.40,30.00,15.00,10.00,413.40,25.40,6.55%,344.00,69.40,20.17%,Repriced to hit 15% profit; capped good to stay $15.00 below flawless
IPHONE 14 PRO MAX,256GB,unlocked,fair,$326.09 ,520.0,303.00,520.00,468.40,30.00,15.00,30.00,393.40,90.40,29.83%,304.00,89.40,29.41%,Already ≥ 15% profit – bumped $1.00
IPHONE 14 PRO MAX,256GB,unlocked,broken,$213.00 ,520.0,193.00,520.00,468.40,30.00,15.00,50.00,373.40,180.40,93.47%,198.00,175.40,88.59%,Already ≥ 15% profit – bumped $5.00
IPHONE 14 PRO MAX,512GB,att,flawless,$377.00 ,525.0,388.00,525.00,473.00,30.00,15.00,10.00,418.00,30.00,7.73%,363.00,55.00,15.15%,Repriced to hit 15% profit
IPHONE 14 PRO MAX,512GB,att,good,$347.00 ,525.0,319.00,525.00,473.00,30.00,15.00,10.00,418.00,99.00,31.03%,320.00,98.00,30.63%,Already ≥ 15% profit – bumped $1.00
IPHONE 14 PRO MAX,512GB,att,fair,$267.00 ,525.0,234.00,525.00,473.00,30.00,15.00,30.00,398.00,164.00,70.09%,237.00,161.00,67.93%,Already ≥ 15% profit – bumped $3.00
IPHONE 14 PRO MAX,512GB,att,broken,$213.00 ,525.0,163.00,525.00,473.00,30.00,15.00,50.00,378.00,215.00,131.90%,168.00,210.00,125.00%,Already ≥ 15% profit – bumped $5.00
IPHONE 14 PRO MAX,512GB,verizon,flawless,$366.00 ,525.0,338.00,525.00,473.00,30.00,15.00,10.00,418.00,80.00,23.67%,339.00,79.00,23.30%,Already ≥ 15% profit – bumped $1.00
IPHONE 14 PRO MAX,512GB,verizon,good,$320.00 ,525.0,288.00,525.00,473.00,30.00,15.00,10.00,418.00,130.00,45.14%,291.00,127.00,43.64%,Already ≥ 15% profit – bumped $3.00
IPHONE 14 PRO MAX,512GB,verizon,fair,$224.00 ,525.0,184.00,525.00,473.00,30.00,15.00,30.00,398.00,214.00,116.30%,189.00,209.00,110.58%,Already ≥ 15% profit – bumped $5.00
IPHONE 14 PRO MAX,512GB,verizon,broken,$223.00 ,525.0,163.00,525.00,473.00,30.00,15.00,50.00,378.00,215.00,131.90%,168.00,210.00,125.00%,Already ≥ 15% profit – bumped $5.00
IPHONE 14 PRO MAX,512GB,tmobile,flawless,$396.00 ,525.0,403.00,525.00,473.00,30.00,15.00,10.00,418.00,15.00,3.72%,363.00,55.00,15.15%,Repriced to hit 15% profit
IPHONE 14 PRO MAX,512GB,tmobile,good,$368.00 ,525.0,334.00,525.00,473.00,30.00,15.00,10.00,418.00,84.00,25.15%,335.00,83.00,24.78%,Already ≥ 15% profit – bumped $1.00
IPHONE 14 PRO MAX,512GB,tmobile,fair,$272.00 ,525.0,249.00,525.00,473.00,30.00,15.00,30.00,398.00,149.00,59.84%,252.00,146.00,57.94%,Already ≥ 15% profit – bumped $3.00
IPHONE 14 PRO MAX,512GB,tmobile,broken,$213.00 ,525.0,144.00,525.00,473.00,30.00,15.00,50.00,378.00,234.00,162.50%,149.00,229.00,153.69%,Already ≥ 15% profit – bumped $5.00
IPHONE 14 PRO MAX,512GB,unlocked,flawless,$407.48 ,550.0,488.00,550.00,496.00,30.00,15.00,10.00,441.00,-47.00,-9.63%,383.00,58.00,15.14%,Repriced to hit 15% profit
IPHONE 14 PRO MAX,512GB,unlocked,good,$407.48 ,550.0,420.00,550.00,496.00,30.00,15.00,10.00,441.00,21.00,5.00%,368.00,73.00,19.84%,Repriced to hit 15% profit; capped good to stay $15.00 below flawless
IPHONE 14 PRO MAX,512GB,unlocked,fair,$356.00 ,550.0,331.00,550.00,496.00,30.00,15.00,30.00,421.00,90.00,27.19%,332.00,89.00,26.81%,Already ≥ 15% profit – bumped $1.00
IPHONE 14 PRO MAX,512GB,unlocked,broken,$233.00 ,550.0,213.00,550.00,496.00,30.00,15.00,50.00,401.00,188.00,88.26%,218.00,183.00,83.94%,Already ≥ 15% profit – bumped $5.00
IPHONE 14 PRO MAX,1TB,att,flawless,$407.48 ,570.0,418.00,570.00,514.40,30.00,15.00,10.00,459.40,41.40,9.90%,399.00,60.40,15.14%,Repriced to hit 15% profit
IPHONE 14 PRO MAX,1TB,att,good,$381.00 ,570.0,349.00,570.00,514.40,30.00,15.00,10.00,459.40,110.40,31.63%,350.00,109.40,31.26%,Already ≥ 15% profit – bumped $1.00
IPHONE 14 PRO MAX,1TB,att,fair,$287.00 ,570.0,264.00,570.00,514.40,30.00,15.00,30.00,439.40,175.40,66.44%,267.00,172.40,64.57%,Already ≥ 15% profit – bumped $3.00
IPHONE 14 PRO MAX,1TB,att,broken,$213.00 ,570.0,193.00,570.00,514.40,30.00,15.00,50.00,419.40,226.40,117.31%,198.00,221.40,111.82%,Already ≥ 15% profit – bumped $5.00
IPHONE 14 PRO MAX,1TB,verizon,flawless,$386.00 ,570.0,368.00,570.00,514.40,30.00,15.00,10.00,459.40,91.40,24.84%,369.00,90.40,24.50%,Already ≥ 15% profit – bumped $1.00
IPHONE 14 PRO MAX,1TB,verizon,good,$340.00 ,570.0,308.00,570.00,514.40,30.00,15.00,10.00,459.40,151.40,49.16%,311.00,148.40,47.72%,Already ≥ 15% profit – bumped $3.00
IPHONE 14 PRO MAX,1TB,verizon,fair,$252.00 ,570.0,214.00,570.00,514.40,30.00,15.00,30.00,439.40,225.40,105.33%,219.00,220.40,100.64%,Already ≥ 15% profit – bumped $5.00
IPHONE 14 PRO MAX,1TB,verizon,broken,$223.00 ,570.0,183.00,570.00,514.40,30.00,15.00,50.00,419.40,236.40,129.18%,188.00,231.40,123.09%,Already ≥ 15% profit – bumped $5.00
IPHONE 14 PRO MAX,1TB,tmobile,flawless,$407.48 ,570.0,433.00,570.00,514.40,30.00,15.00,10.00,459.40,26.40,6.10%,399.00,60.40,15.14%,Repriced to hit 15% profit
IPHONE 14 PRO MAX,1TB,tmobile,good,$398.00 ,570.0,364.00,570.00,514.40,30.00,15.00,10.00,459.40,95.40,26.21%,365.00,94.40,25.86%,Already ≥ 15% profit – bumped $1.00
IPHONE 14 PRO MAX,1TB,tmobile,fair,$302.00 ,570.0,279.00,570.00,514.40,30.00,15.00,30.00,439.40,160.40,57.49%,282.00,157.40,55.82%,Already ≥ 15% profit – bumped $3.00
IPHONE 14 PRO MAX,1TB,tmobile,broken,$213.00 ,570.0,161.00,570.00,514.40,30.00,15.00,50.00,419.40,258.40,160.50%,166.00,253.40,152.65%,Already ≥ 15% profit – bumped $5.00
IPHONE 14 PRO MAX,1TB,unlocked,flawless,$407.48 ,595.0,521.00,595.00,537.40,30.00,15.00,10.00,482.40,-38.60,-7.41%,419.00,63.40,15.13%,Repriced to hit 15% profit
IPHONE 14 PRO MAX,1TB,unlocked,good,$407.48 ,595.0,451.00,595.00,537.40,30.00,15.00,10.00,482.40,31.40,6.96%,404.00,78.40,19.41%,Repriced to hit 15% profit; capped good to stay $15.00 below flawless
IPHONE 14 PRO MAX,1TB,unlocked,fair,$386.00 ,595.0,361.00,595.00,537.40,30.00,15.00,30.00,462.40,101.40,28.09%,362.00,100.40,27.73%,Already ≥ 15% profit – bumped $1.00
IPHONE 14 PRO MAX,1TB,unlocked,broken,$256.00 ,595.0,241.00,595.00,537.40,30.00,15.00,50.00,442.40,201.40,83.57%,246.00,196.40,79.84%,Already ≥ 15% profit – bumped $5.00
IPHONE 15,128GB,att,flawless,$260.99 ,360.0,218.00,360.00,321.20,25.70,15.00,10.00,270.50,52.50,24.08%,219.00,51.50,23.52%,Already ≥ 15% profit – bumped $1.00
IPHONE 15,128GB,att,good,$221.00 ,360.0,184.00,360.00,321.20,25.70,15.00,10.00,270.50,86.50,47.01%,187.00,83.50,44.65%,Already ≥ 15% profit – bumped $3.00
IPHONE 15,128GB,att,fair,$167.00 ,360.0,124.00,360.00,321.20,25.70,15.00,30.00,250.50,126.50,102.02%,129.00,121.50,94.19%,Already ≥ 15% profit – bumped $5.00
IPHONE 15,128GB,att,broken,$138.00 ,360.0,111.00,360.00,321.20,25.70,15.00,50.00,230.50,119.50,107.66%,116.00,114.50,98.71%,Already ≥ 15% profit – bumped $5.00
IPHONE 15,128GB,verizon,flawless,$282.00 ,360.0,228.00,360.00,321.20,25.70,15.00,10.00,270.50,42.50,18.64%,229.00,41.50,18.12%,Already ≥ 15% profit – bumped $1.00
IPHONE 15,128GB,verizon,good,$236.00 ,360.0,198.00,360.00,321.20,25.70,15.00,10.00,270.50,72.50,36.62%,199.00,71.50,35.93%,Already ≥ 15% profit – bumped $1.00
IPHONE 15,128GB,verizon,fair,$178.00 ,360.0,138.00,360.00,321.20,25.70,15.00,30.00,250.50,112.50,81.52%,143.00,107.50,75.18%,Already ≥ 15% profit – bumped $5.00
IPHONE 15,128GB,verizon,broken,$161.00 ,360.0,111.00,360.00,321.20,25.70,15.00,50.00,230.50,119.50,107.66%,116.00,114.50,98.71%,Already ≥ 15% profit – bumped $5.00
IPHONE 15,128GB,tmobile,flawless,$251.00 ,360.0,214.00,360.00,321.20,25.70,15.00,10.00,270.50,56.50,26.40%,215.00,55.50,25.82%,Already ≥ 15% profit – bumped $1.00
IPHONE 15,128GB,tmobile,good,$205.00 ,360.0,180.00,360.00,321.20,25.70,15.00,10.00,270.50,90.50,50.28%,183.00,87.50,47.82%,Already ≥ 15% profit – bumped $3.00
IPHONE 15,128GB,tmobile,fair,$153.00 ,360.0,129.00,360.00,321.20,25.70,15.00,30.00,250.50,121.50,94.19%,134.00,116.50,86.94%,Already ≥ 15% profit – bumped $5.00
IPHONE 15,128GB,tmobile,broken,$126.00 ,360.0,106.00,360.00,321.20,25.70,15.00,50.00,230.50,124.50,117.46%,111.00,119.50,107.66%,Already ≥ 15% profit – bumped $5.00
IPHONE 15,128GB,unlocked,flawless,$295.48 ,385.0,314.00,385.00,344.20,27.54,15.00,10.00,291.66,-22.34,-7.11%,254.00,37.66,14.83%,Repriced to hit 15% profit
IPHONE 15,128GB,unlocked,good,$295.48 ,385.0,268.00,385.00,344.20,27.54,15.00,10.00,291.66,23.66,8.83%,239.00,52.66,22.04%,Repriced to hit 15% profit; capped good to stay $15.00 below flawless
IPHONE 15,128GB,unlocked,fair,$266.00 ,385.0,221.00,385.00,344.20,27.54,15.00,30.00,271.66,50.66,22.92%,222.00,49.66,22.37%,Already ≥ 15% profit – bumped $1.00
IPHONE 15,128GB,unlocked,broken,$219.00 ,385.0,143.00,385.00,344.20,27.54,15.00,50.00,251.66,108.66,75.99%,148.00,103.66,70.04%,Already ≥ 15% profit – bumped $5.00
IPHONE 15,256GB,att,flawless,$302.99 ,425.0,260.00,425.00,381.00,30.00,15.00,10.00,326.00,66.00,25.38%,261.00,65.00,24.90%,Already ≥ 15% profit – bumped $1.00
IPHONE 15,256GB,att,good,$264.00 ,425.0,220.00,425.00,381.00,30.00,15.00,10.00,326.00,106.00,48.18%,223.00,103.00,46.19%,Already ≥ 15% profit – bumped $3.00
IPHONE 15,256GB,att,fair,$207.00 ,425.0,164.00,425.00,381.00,30.00,15.00,30.00,306.00,142.00,86.59%,169.00,137.00,81.07%,Already ≥ 15% profit – bumped $5.00
IPHONE 15,256GB,att,broken,$163.00 ,425.0,136.00,425.00,381.00,30.00,15.00,50.00,286.00,150.00,110.29%,141.00,145.00,102.84%,Already ≥ 15% profit – bumped $5.00
IPHONE 15,256GB,verizon,flawless,$324.00 ,425.0,260.00,425.00,381.00,30.00,15.00,10.00,326.00,66.00,25.38%,261.00,65.00,24.90%,Already ≥ 15% profit – bumped $1.00
IPHONE 15,256GB,verizon,good,$271.00 ,425.0,225.00,425.00,381.00,30.00,15.00,10.00,326.00,101.00,44.89%,226.00,100.00,44.25%,Already ≥ 15% profit – bumped $1.00
IPHONE 15,256GB,verizon,fair,$218.00 ,425.0,164.00,425.00,381.00,30.00,15.00,30.00,306.00,142.00,86.59%,169.00,137.00,81.07%,Already ≥ 15% profit – bumped $5.00
IPHONE 15,256GB,verizon,broken,$186.00 ,425.0,136.00,425.00,381.00,30.00,15.00,50.00,286.00,150.00,110.29%,141.00,145.00,102.84%,Already ≥ 15% profit – bumped $5.00
IPHONE 15,256GB,tmobile,flawless,$274.00 ,425.0,244.00,425.00,381.00,30.00,15.00,10.00,326.00,82.00,33.61%,245.00,81.00,33.06%,Already ≥ 15% profit – bumped $1.00
IPHONE 15,256GB,tmobile,good,$237.00 ,425.0,210.00,425.00,381.00,30.00,15.00,10.00,326.00,116.00,55.24%,213.00,113.00,53.05%,Already ≥ 15% profit – bumped $3.00
IPHONE 15,256GB,tmobile,fair,$182.00 ,425.0,139.00,425.00,381.00,30.00,15.00,30.00,306.00,167.00,120.14%,144.00,162.00,112.50%,Already ≥ 15% profit – bumped $5.00
IPHONE 15,256GB,tmobile,broken,$136.00 ,425.0,116.00,425.00,381.00,30.00,15.00,50.00,286.00,170.00,146.55%,121.00,165.00,136.36%,Already ≥ 15% profit – bumped $5.00
IPHONE 15,256GB,unlocked,flawless,$343.48 ,450.0,359.00,450.00,404.00,30.00,15.00,10.00,349.00,-10.00,-2.79%,303.00,46.00,15.18%,Repriced to hit 15% profit
IPHONE 15,256GB,unlocked,good,$343.48 ,450.0,309.00,450.00,404.00,30.00,15.00,10.00,349.00,40.00,12.94%,288.00,61.00,21.18%,Repriced to hit 15% profit; capped good to stay $15.00 below flawless
IPHONE 15,256GB,unlocked,fair,$306.00 ,450.0,261.00,450.00,404.00,30.00,15.00,30.00,329.00,68.00,26.05%,262.00,67.00,25.57%,Already ≥ 15% profit – bumped $1.00
IPHONE 15,256GB,unlocked,broken,$254.00 ,450.0,171.00,450.00,404.00,30.00,15.00,50.00,309.00,138.00,80.70%,176.00,133.00,75.57%,Already ≥ 15% profit – bumped $5.00
IPHONE 15,512GB,att,flawless,$343.99 ,478.0,314.00,478.00,429.76,30.00,15.00,10.00,374.76,60.76,19.35%,315.00,59.76,18.97%,Already ≥ 15% profit – bumped $1.00
IPHONE 15,512GB,att,good,$307.00 ,478.0,267.00,478.00,429.76,30.00,15.00,10.00,374.76,107.76,40.36%,268.00,106.76,39.84%,Already ≥ 15% profit – bumped $1.00
IPHONE 15,512GB,att,fair,$247.00 ,478.0,194.00,478.00,429.76,30.00,15.00,30.00,354.76,160.76,82.87%,199.00,155.76,78.27%,Already ≥ 15% profit – bumped $5.00
IPHONE 15,512GB,att,broken,$173.00 ,478.0,146.00,478.00,429.76,30.00,15.00,50.00,334.76,188.76,129.29%,151.00,183.76,121.70%,Already ≥ 15% profit – bumped $5.00
IPHONE 15,512GB,verizon,flawless,$365.00 ,478.0,314.00,478.00,429.76,30.00,15.00,10.00,374.76,60.76,19.35%,315.00,59.76,18.97%,Already ≥ 15% profit – bumped $1.00
IPHONE 15,512GB,verizon,good,$314.00 ,478.0,277.00,478.00,429.76,30.00,15.00,10.00,374.76,97.76,35.29%,278.00,96.76,34.81%,Already ≥ 15% profit – bumped $1.00
IPHONE 15,512GB,verizon,fair,$258.00 ,478.0,194.00,478.00,429.76,30.00,15.00,30.00,354.76,160.76,82.87%,199.00,155.76,78.27%,Already ≥ 15% profit – bumped $5.00
IPHONE 15,512GB,verizon,broken,$196.00 ,478.0,146.00,478.00,429.76,30.00,15.00,50.00,334.76,188.76,129.29%,151.00,183.76,121.70%,Already ≥ 15% profit – bumped $5.00
IPHONE 15,512GB,tmobile,flawless,$319.00 ,478.0,286.00,478.00,429.76,30.00,15.00,10.00,374.76,88.76,31.03%,287.00,87.76,30.58%,Already ≥ 15% profit – bumped $1.00
IPHONE 15,512GB,tmobile,good,$280.00 ,478.0,241.00,478.00,429.76,30.00,15.00,10.00,374.76,133.76,55.50%,244.00,130.76,53.59%,Already ≥ 15% profit – bumped $3.00
IPHONE 15,512GB,tmobile,fair,$227.00 ,478.0,169.00,478.00,429.76,30.00,15.00,30.00,354.76,185.76,109.92%,174.00,180.76,103.89%,Already ≥ 15% profit – bumped $5.00
IPHONE 15,512GB,tmobile,broken,$146.00 ,478.0,126.00,478.00,429.76,30.00,15.00,50.00,334.76,208.76,165.68%,131.00,203.76,155.54%,Already ≥ 15% profit – bumped $5.00
IPHONE 15,512GB,unlocked,flawless,$415.48 ,503.0,383.00,503.00,452.76,30.00,15.00,10.00,397.76,14.76,3.85%,346.00,51.76,14.96%,Repriced to hit 15% profit
IPHONE 15,512GB,unlocked,good,$407.00 ,503.0,351.00,503.00,452.76,30.00,15.00,10.00,397.76,46.76,13.32%,331.00,66.76,20.17%,Repriced to hit 15% profit; capped good to stay $15.00 below flawless
IPHONE 15,512GB,unlocked,fair,$346.00 ,503.0,291.00,503.00,452.76,30.00,15.00,30.00,377.76,86.76,29.81%,292.00,85.76,29.37%,Already ≥ 15% profit – bumped $1.00
IPHONE 15,512GB,unlocked,broken,$259.00 ,503.0,206.00,503.00,452.76,30.00,15.00,50.00,357.76,151.76,73.67%,209.00,148.76,71.18%,Already ≥ 15% profit – bumped $3.00
IPHONE 15 PLUS,128GB,att,flawless,$276.99 ,395.0,261.00,395.00,353.40,28.27,15.00,10.00,300.13,39.13,14.99%,261.00,39.13,14.99%,Repriced to hit 15% profit
IPHONE 15 PLUS,128GB,att,good,$232.00 ,395.0,227.00,395.00,353.40,28.27,15.00,10.00,300.13,73.13,32.21%,228.00,72.13,31.64%,Already ≥ 15% profit – bumped $1.00
IPHONE 15 PLUS,128GB,att,fair,$176.00 ,395.0,159.00,395.00,353.40,28.27,15.00,30.00,280.13,121.13,76.18%,164.00,116.13,70.81%,Already ≥ 15% profit – bumped $5.00
IPHONE 15 PLUS,128GB,att,broken,$174.00 ,395.0,126.00,395.00,353.40,28.27,15.00,50.00,260.13,134.13,106.45%,131.00,129.13,98.57%,Already ≥ 15% profit – bumped $5.00
IPHONE 15 PLUS,128GB,verizon,flawless,$305.00 ,395.0,254.00,395.00,353.40,28.27,15.00,10.00,300.13,46.13,18.16%,255.00,45.13,17.70%,Already ≥ 15% profit – bumped $1.00
IPHONE 15 PLUS,128GB,verizon,good,$259.00 ,395.0,227.00,395.00,353.40,28.27,15.00,10.00,300.13,73.13,32.21%,228.00,72.13,31.64%,Already ≥ 15% profit – bumped $1.00
IPHONE 15 PLUS,128GB,verizon,fair,$189.00 ,395.0,151.00,395.00,353.40,28.27,15.00,30.00,280.13,129.13,85.52%,156.00,124.13,79.57%,Already ≥ 15% profit – bumped $5.00
IPHONE 15 PLUS,128GB,verizon,broken,$180.00 ,395.0,131.00,395.00,353.40,28.27,15.00,50.00,260.13,129.13,98.57%,136.00,124.13,91.27%,Already ≥ 15% profit – bumped $5.00
IPHONE 15 PLUS,128GB,tmobile,flawless,$266.00 ,395.0,254.00,395.00,353.40,28.27,15.00,10.00,300.13,46.13,18.16%,255.00,45.13,17.70%,Already ≥ 15% profit – bumped $1.00
IPHONE 15 PLUS,128GB,tmobile,good,$221.00 ,395.0,227.00,395.00,353.40,28.27,15.00,10.00,300.13,73.13,32.21%,228.00,72.13,31.64%,Already ≥ 15% profit – bumped $1.00
IPHONE 15 PLUS,128GB,tmobile,fair,$168.00 ,395.0,159.00,395.00,353.40,28.27,15.00,30.00,280.13,121.13,76.18%,164.00,116.13,70.81%,Already ≥ 15% profit – bumped $5.00
IPHONE 15 PLUS,128GB,tmobile,broken,$157.00 ,395.0,108.00,395.00,353.40,28.27,15.00,50.00,260.13,152.13,140.86%,113.00,147.13,130.20%,Already ≥ 15% profit – bumped $5.00
IPHONE 15 PLUS,128GB,unlocked,flawless,$319.48 ,420.0,351.00,420.00,376.40,30.00,15.00,10.00,321.40,-29.60,-8.43%,279.00,42.40,15.20%,Repriced to hit 15% profit
IPHONE 15 PLUS,128GB,unlocked,good,$319.48 ,420.0,298.00,420.00,376.40,30.00,15.00,10.00,321.40,23.40,7.85%,264.00,57.40,21.74%,Repriced to hit 15% profit; capped good to stay $15.00 below flawless
IPHONE 15 PLUS,128GB,unlocked,fair,$282.00 ,420.0,251.00,420.00,376.40,30.00,15.00,30.00,301.40,50.40,20.08%,252.00,49.40,19.60%,Already ≥ 15% profit – bumped $1.00
IPHONE 15 PLUS,128GB,unlocked,broken,$218.00 ,420.0,153.00,420.00,376.40,30.00,15.00,50.00,281.40,128.40,83.92%,158.00,123.40,78.10%,Already ≥ 15% profit – bumped $5.00
IPHONE 15 PLUS,256GB,att,flawless,$310.99 ,448.0,308.00,448.00,402.16,30.00,15.00,10.00,347.16,39.16,12.71%,302.00,45.16,14.95%,Repriced to hit 15% profit
IPHONE 15 PLUS,256GB,att,good,$261.00 ,448.0,263.00,448.00,402.16,30.00,15.00,10.00,347.16,84.16,32.00%,264.00,83.16,31.50%,Already ≥ 15% profit – bumped $1.00
IPHONE 15 PLUS,256GB,att,fair,$183.00 ,448.0,173.00,448.00,402.16,30.00,15.00,30.00,327.16,154.16,89.11%,178.00,149.16,83.80%,Already ≥ 15% profit – bumped $5.00
IPHONE 15 PLUS,256GB,att,broken,$183.00 ,448.0,136.00,448.00,402.16,30.00,15.00,50.00,307.16,171.16,125.85%,141.00,166.16,117.84%,Already ≥ 15% profit – bumped $5.00
IPHONE 15 PLUS,256GB,verizon,flawless,$361.00 ,448.0,317.00,448.00,402.16,30.00,15.00,10.00,347.16,30.16,9.51%,302.00,45.16,14.95%,Repriced to hit 15% profit
IPHONE 15 PLUS,256GB,verizon,good,$291.00 ,448.0,261.00,448.00,402.16,30.00,15.00,10.00,347.16,86.16,33.01%,262.00,85.16,32.50%,Already ≥ 15% profit – bumped $1.00
IPHONE 15 PLUS,256GB,verizon,fair,$214.00 ,448.0,168.00,448.00,402.16,30.00,15.00,30.00,327.16,159.16,94.74%,173.00,154.16,89.11%,Already ≥ 15% profit – bumped $5.00
IPHONE 15 PLUS,256GB,verizon,broken,$195.00 ,448.0,141.00,448.00,402.16,30.00,15.00,50.00,307.16,166.16,117.84%,146.00,161.16,110.38%,Already ≥ 15% profit – bumped $5.00
IPHONE 15 PLUS,256GB,tmobile,flawless,$298.00 ,448.0,277.00,448.00,402.16,30.00,15.00,10.00,347.16,70.16,25.33%,278.00,69.16,24.88%,Already ≥ 15% profit – bumped $1.00
IPHONE 15 PLUS,256GB,tmobile,good,$254.00 ,448.0,247.00,448.00,402.16,30.00,15.00,10.00,347.16,100.16,40.55%,248.00,99.16,39.98%,Already ≥ 15% profit – bumped $1.00
IPHONE 15 PLUS,256GB,tmobile,fair,$172.00 ,448.0,159.00,448.00,402.16,30.00,15.00,30.00,327.16,168.16,105.76%,164.00,163.16,99.49%,Already ≥ 15% profit – bumped $5.00
IPHONE 15 PLUS,256GB,tmobile,broken,$157.00 ,448.0,118.00,448.00,402.16,30.00,15.00,50.00,307.16,189.16,160.31%,123.00,184.16,149.72%,Already ≥ 15% profit – bumped $5.00
IPHONE 15 PLUS,256GB,unlocked,flawless,$363.48 ,473.0,366.00,473.00,425.16,30.00,15.00,10.00,370.16,4.16,1.14%,322.00,48.16,14.96%,Repriced to hit 15% profit
IPHONE 15 PLUS,256GB,unlocked,good,$363.48 ,473.0,314.00,473.00,425.16,30.00,15.00,10.00,370.16,56.16,17.89%,307.00,63.16,20.57%,Already ≥ 15% profit – bumped $1.00; capped good to stay $15.00 below flawless
IPHONE 15 PLUS,256GB,unlocked,fair,$307.00 ,473.0,266.00,473.00,425.16,30.00,15.00,30.00,350.16,84.16,31.64%,267.00,83.16,31.15%,Already ≥ 15% profit – bumped $1.00
IPHONE 15 PLUS,256GB,unlocked,broken,$232.00 ,473.0,163.00,473.00,425.16,30.00,15.00,50.00,330.16,167.16,102.55%,168.00,162.16,96.52%,Already ≥ 15% profit – bumped $5.00
IPHONE 15 PLUS,512GB,att,flawless,$408.99 ,495.0,426.00,495.00,445.40,30.00,15.00,10.00,390.40,-35.60,-8.36%,339.00,51.40,15.16%,Repriced to hit 15% profit
IPHONE 15 PLUS,512GB,att,good,$362.00 ,495.0,379.00,495.00,445.40,30.00,15.00,10.00,390.40,11.40,3.01%,324.00,66.40,20.49%,Repriced to hit 15% profit; capped good to stay $15.00 below flawless
IPHONE 15 PLUS,512GB,att,fair,$221.00 ,495.0,252.00,495.00,445.40,30.00,15.00,30.00,370.40,118.40,46.98%,255.00,115.40,45.25%,Already ≥ 15% profit – bumped $3.00
IPHONE 15 PLUS,512GB,att,broken,$203.00 ,495.0,146.00,495.00,445.40,30.00,15.00,50.00,350.40,204.40,140.00%,151.00,199.40,132.05%,Already ≥ 15% profit – bumped $5.00
IPHONE 15 PLUS,512GB,verizon,flawless,$415.48 ,495.0,385.00,495.00,445.40,30.00,15.00,10.00,390.40,5.40,1.40%,339.00,51.40,15.16%,Repriced to hit 15% profit
IPHONE 15 PLUS,512GB,verizon,good,$370.00 ,495.0,343.00,495.00,445.40,30.00,15.00,10.00,390.40,47.40,13.82%,324.00,66.40,20.49%,Repriced to hit 15% profit; capped good to stay $15.00 below flawless
IPHONE 15 PLUS,512GB,verizon,fair,$259.00 ,495.0,227.00,495.00,445.40,30.00,15.00,30.00,370.40,143.40,63.17%,230.00,140.40,61.04%,Already ≥ 15% profit – bumped $3.00
IPHONE 15 PLUS,512GB,verizon,broken,$215.00 ,495.0,151.00,495.00,445.40,30.00,15.00,50.00,350.40,199.40,132.05%,156.00,194.40,124.62%,Already ≥ 15% profit – bumped $5.00
IPHONE 15 PLUS,512GB,tmobile,flawless,$339.00 ,495.0,317.00,495.00,445.40,30.00,15.00,10.00,390.40,73.40,23.15%,318.00,72.40,22.77%,Already ≥ 15% profit – bumped $1.00
IPHONE 15 PLUS,512GB,tmobile,good,$307.00 ,495.0,270.00,495.00,445.40,30.00,15.00,10.00,390.40,120.40,44.59%,271.00,119.40,44.06%,Already ≥ 15% profit – bumped $1.00
IPHONE 15 PLUS,512GB,tmobile,fair,$202.00 ,495.0,179.00,495.00,445.40,30.00,15.00,30.00,370.40,191.40,106.93%,184.00,186.40,101.30%,Already ≥ 15% profit – bumped $5.00
IPHONE 15 PLUS,512GB,tmobile,broken,$177.00 ,495.0,128.00,495.00,445.40,30.00,15.00,50.00,350.40,222.40,173.75%,133.00,217.40,163.46%,Already ≥ 15% profit – bumped $5.00
IPHONE 15 PLUS,512GB,unlocked,flawless,$415.48 ,520.0,430.00,520.00,468.40,30.00,15.00,10.00,413.40,-16.60,-3.86%,359.00,54.40,15.15%,Repriced to hit 15% profit
IPHONE 15 PLUS,512GB,unlocked,good,$415.48 ,520.0,386.00,520.00,468.40,30.00,15.00,10.00,413.40,27.40,7.10%,344.00,69.40,20.17%,Repriced to hit 15% profit; capped good to stay $15.00 below flawless
IPHONE 15 PLUS,512GB,unlocked,fair,$352.00 ,520.0,311.00,520.00,468.40,30.00,15.00,30.00,393.40,82.40,26.50%,312.00,81.40,26.09%,Already ≥ 15% profit – bumped $1.00
IPHONE 15 PLUS,512GB,unlocked,broken,$258.00 ,520.0,178.00,520.00,468.40,30.00,15.00,50.00,373.40,195.40,109.78%,183.00,190.40,104.04%,Already ≥ 15% profit – bumped $5.00
IPHONE 15 PRO,128GB,att,flawless,$355.48 ,445.0,359.00,445.00,399.40,30.00,15.00,10.00,344.40,-14.60,-4.07%,299.00,45.40,15.18%,Repriced to hit 15% profit
IPHONE 15 PRO,128GB,att,good,$314.00 ,445.0,294.00,445.00,399.40,30.00,15.00,10.00,344.40,50.40,17.14%,284.00,60.40,21.27%,Already ≥ 15% profit – bumped $1.00; capped good to stay $15.00 below flawless
IPHONE 15 PRO,128GB,att,fair,$207.00 ,445.0,188.00,445.00,399.40,30.00,15.00,30.00,324.40,136.40,72.55%,191.00,133.40,69.84%,Already ≥ 15% profit – bumped $3.00
IPHONE 15 PRO,128GB,att,broken,$208.00 ,445.0,181.00,445.00,399.40,30.00,15.00,50.00,304.40,123.40,68.18%,184.00,120.40,65.43%,Already ≥ 15% profit – bumped $3.00
IPHONE 15 PRO,128GB,verizon,flawless,$355.48 ,445.0,359.00,445.00,399.40,30.00,15.00,10.00,344.40,-14.60,-4.07%,299.00,45.40,15.18%,Repriced to hit 15% profit
IPHONE 15 PRO,128GB,verizon,good,$355.48 ,445.0,294.00,445.00,399.40,30.00,15.00,10.00,344.40,50.40,17.14%,284.00,60.40,21.27%,Already ≥ 15% profit – bumped $1.00; capped good to stay $15.00 below flawless
IPHONE 15 PRO,128GB,verizon,fair,$338.09 ,445.0,184.00,445.00,399.40,30.00,15.00,30.00,324.40,140.40,76.30%,189.00,135.40,71.64%,Already ≥ 15% profit – bumped $5.00
IPHONE 15 PRO,128GB,verizon,broken,$320.00 ,445.0,163.00,445.00,399.40,30.00,15.00,50.00,304.40,141.40,86.75%,168.00,136.40,81.19%,Already ≥ 15% profit – bumped $5.00
IPHONE 15 PRO,128GB,tmobile,flawless,$355.48 ,445.0,379.00,445.00,399.40,30.00,15.00,10.00,344.40,-34.60,-9.13%,299.00,45.40,15.18%,Repriced to hit 15% profit
IPHONE 15 PRO,128GB,tmobile,good,$332.00 ,445.0,314.00,445.00,399.40,30.00,15.00,10.00,344.40,30.40,9.68%,284.00,60.40,21.27%,Repriced to hit 15% profit; capped good to stay $15.00 below flawless
IPHONE 15 PRO,128GB,tmobile,fair,$222.00 ,445.0,203.00,445.00,399.40,30.00,15.00,30.00,324.40,121.40,59.80%,206.00,118.40,57.48%,Already ≥ 15% profit – bumped $3.00
IPHONE 15 PRO,128GB,tmobile,broken,$158.00 ,445.0,143.00,445.00,399.40,30.00,15.00,50.00,304.40,161.40,112.87%,148.00,156.40,105.68%,Already ≥ 15% profit – bumped $5.00
IPHONE 15 PRO,128GB,unlocked,flawless,$355.48 ,470.0,419.00,470.00,422.40,30.00,15.00,10.00,367.40,-51.60,-12.32%,319.00,48.40,15.17%,Repriced to hit 15% profit
IPHONE 15 PRO,128GB,unlocked,good,$355.48 ,470.0,358.00,470.00,422.40,30.00,15.00,10.00,367.40,9.40,2.63%,304.00,63.40,20.86%,Repriced to hit 15% profit; capped good to stay $15.00 below flawless
IPHONE 15 PRO,128GB,unlocked,fair,$332.00 ,470.0,302.00,470.00,422.40,30.00,15.00,30.00,347.40,45.40,15.03%,303.00,44.40,14.65%,Already ≥ 15% profit – bumped $1.00
IPHONE 15 PRO,128GB,unlocked,broken,$255.00 ,470.0,188.00,470.00,422.40,30.00,15.00,50.00,327.40,139.40,74.15%,191.00,136.40,71.41%,Already ≥ 15% profit – bumped $3.00
IPHONE 15 PRO,256GB,att,flawless,$409.00 ,490.0,403.00,490.00,440.80,30.00,15.00,10.00,385.80,-17.20,-4.27%,335.00,50.80,15.16%,Repriced to hit 15% profit
IPHONE 15 PRO,256GB,att,good,$354.00 ,490.0,314.00,490.00,440.80,30.00,15.00,10.00,385.80,71.80,22.87%,315.00,70.80,22.48%,Already ≥ 15% profit – bumped $1.00
IPHONE 15 PRO,256GB,att,fair,$236.00 ,490.0,213.00,490.00,440.80,30.00,15.00,30.00,365.80,152.80,71.74%,216.00,149.80,69.35%,Already ≥ 15% profit – bumped $3.00
IPHONE 15 PRO,256GB,att,broken,$247.00 ,490.0,158.00,490.00,440.80,30.00,15.00,50.00,345.80,187.80,118.86%,163.00,182.80,112.15%,Already ≥ 15% profit – bumped $5.00
IPHONE 15 PRO,256GB,verizon,flawless,$428.00 ,490.0,403.00,490.00,440.80,30.00,15.00,10.00,385.80,-17.20,-4.27%,335.00,50.80,15.16%,Repriced to hit 15% profit
IPHONE 15 PRO,256GB,verizon,good,$379.00 ,490.0,324.00,490.00,440.80,30.00,15.00,10.00,385.80,61.80,19.07%,320.00,65.80,20.56%,Already ≥ 15% profit – bumped $1.00; capped good to stay $15.00 below flawless
IPHONE 15 PRO,256GB,verizon,fair,$270.00 ,490.0,213.00,490.00,440.80,30.00,15.00,30.00,365.80,152.80,71.74%,216.00,149.80,69.35%,Already ≥ 15% profit – bumped $3.00
IPHONE 15 PRO,256GB,verizon,broken,$261.00 ,490.0,173.00,490.00,440.80,30.00,15.00,50.00,345.80,172.80,99.88%,178.00,167.80,94.27%,Already ≥ 15% profit – bumped $5.00
IPHONE 15 PRO,256GB,tmobile,flawless,$417.00 ,490.0,423.00,490.00,440.80,30.00,15.00,10.00,385.80,-37.20,-8.79%,335.00,50.80,15.16%,Repriced to hit 15% profit
IPHONE 15 PRO,256GB,tmobile,good,$372.00 ,490.0,356.00,490.00,440.80,30.00,15.00,10.00,385.80,29.80,8.37%,320.00,65.80,20.56%,Repriced to hit 15% profit; capped good to stay $15.00 below flawless
IPHONE 15 PRO,256GB,tmobile,fair,$262.00 ,490.0,253.00,490.00,440.80,30.00,15.00,30.00,365.80,112.80,44.58%,254.00,111.80,44.02%,Already ≥ 15% profit – bumped $1.00
IPHONE 15 PRO,256GB,tmobile,broken,$183.00 ,490.0,153.00,490.00,440.80,30.00,15.00,50.00,345.80,192.80,126.01%,158.00,187.80,118.86%,Already ≥ 15% profit – bumped $5.00
IPHONE 15 PRO,256GB,unlocked,flawless,$433.08 ,515.0,469.00,515.00,463.80,30.00,15.00,10.00,408.80,-60.20,-12.84%,355.00,53.80,15.15%,Repriced to hit 15% profit
IPHONE 15 PRO,256GB,unlocked,good,$433.08 ,515.0,408.00,515.00,463.80,30.00,15.00,10.00,408.80,0.80,0.20%,340.00,68.80,20.24%,Repriced to hit 15% profit; capped good to stay $15.00 below flawless
IPHONE 15 PRO,256GB,unlocked,fair,$372.00 ,515.0,334.00,515.00,463.80,30.00,15.00,30.00,388.80,54.80,16.41%,335.00,53.80,16.06%,Already ≥ 15% profit – bumped $1.00
IPHONE 15 PRO,256GB,unlocked,broken,$295.00 ,515.0,226.00,515.00,463.80,30.00,15.00,50.00,368.80,142.80,63.19%,229.00,139.80,61.05%,Already ≥ 15% profit – bumped $3.00
IPHONE 15 PRO,512GB,att,flawless,$443.48 ,525.0,433.00,525.00,473.00,30.00,15.00,10.00,418.00,-15.00,-3.46%,363.00,55.00,15.15%,Repriced to hit 15% profit
IPHONE 15 PRO,512GB,att,good,$403.00 ,525.0,355.00,525.00,473.00,30.00,15.00,10.00,418.00,63.00,17.75%,348.00,70.00,20.11%,Already ≥ 15% profit – bumped $1.00; capped good to stay $15.00 below flawless
IPHONE 15 PRO,512GB,att,fair,$276.00 ,525.0,243.00,525.00,473.00,30.00,15.00,30.00,398.00,155.00,63.79%,246.00,152.00,61.79%,Already ≥ 15% profit – bumped $3.00
IPHONE 15 PRO,512GB,att,broken,$287.00 ,525.0,185.00,525.00,473.00,30.00,15.00,50.00,378.00,193.00,104.32%,190.00,188.00,98.95%,Already ≥ 15% profit – bumped $5.00
IPHONE 15 PRO,512GB,verizon,flawless,$440.00 ,525.0,433.00,525.00,473.00,30.00,15.00,10.00,418.00,-15.00,-3.46%,363.00,55.00,15.15%,Repriced to hit 15% profit
IPHONE 15 PRO,512GB,verizon,good,$387.00 ,525.0,344.00,525.00,473.00,30.00,15.00,10.00,418.00,74.00,21.51%,345.00,73.00,21.16%,Already ≥ 15% profit – bumped $1.00
IPHONE 15 PRO,512GB,verizon,fair,$301.00 ,525.0,243.00,525.00,473.00,30.00,15.00,30.00,398.00,155.00,63.79%,246.00,152.00,61.79%,Already ≥ 15% profit – bumped $3.00
IPHONE 15 PRO,512GB,verizon,broken,$302.00 ,525.0,185.00,525.00,473.00,30.00,15.00,50.00,378.00,193.00,104.32%,190.00,188.00,98.95%,Already ≥ 15% profit – bumped $5.00
IPHONE 15 PRO,512GB,tmobile,flawless,$443.48 ,525.0,453.00,525.00,473.00,30.00,15.00,10.00,418.00,-35.00,-7.73%,363.00,55.00,15.15%,Repriced to hit 15% profit
IPHONE 15 PRO,512GB,tmobile,good,$412.00 ,525.0,386.00,525.00,473.00,30.00,15.00,10.00,418.00,32.00,8.29%,348.00,70.00,20.11%,Repriced to hit 15% profit; capped good to stay $15.00 below flawless
IPHONE 15 PRO,512GB,tmobile,fair,$292.00 ,525.0,283.00,525.00,473.00,30.00,15.00,30.00,398.00,115.00,40.64%,284.00,114.00,40.14%,Already ≥ 15% profit – bumped $1.00
IPHONE 15 PRO,512GB,tmobile,broken,$212.00 ,525.0,185.00,525.00,473.00,30.00,15.00,50.00,378.00,193.00,104.32%,190.00,188.00,98.95%,Already ≥ 15% profit – bumped $5.00
IPHONE 15 PRO,512GB,unlocked,flawless,$443.48 ,550.0,499.00,550.00,496.00,30.00,15.00,10.00,441.00,-58.00,-11.62%,383.00,58.00,15.14%,Repriced to hit 15% profit
IPHONE 15 PRO,512GB,unlocked,good,$443.48 ,550.0,438.00,550.00,496.00,30.00,15.00,10.00,441.00,3.00,0.68%,368.00,73.00,19.84%,Repriced to hit 15% profit; capped good to stay $15.00 below flawless
IPHONE 15 PRO,512GB,unlocked,fair,$402.00 ,550.0,361.00,550.00,496.00,30.00,15.00,30.00,421.00,60.00,16.62%,362.00,59.00,16.30%,Already ≥ 15% profit – bumped $1.00
IPHONE 15 PRO,512GB,unlocked,broken,$341.00 ,550.0,266.00,550.00,496.00,30.00,15.00,50.00,401.00,135.00,50.75%,269.00,132.00,49.07%,Already ≥ 15% profit – bumped $3.00
IPHONE 15 PRO,1TB,att,flawless,$447.48 ,570.0,473.00,570.00,514.40,30.00,15.00,10.00,459.40,-13.60,-2.88%,399.00,60.40,15.14%,Repriced to hit 15% profit
IPHONE 15 PRO,1TB,att,good,$447.48 ,570.0,421.00,570.00,514.40,30.00,15.00,10.00,459.40,38.40,9.12%,384.00,75.40,19.64%,Repriced to hit 15% profit; capped good to stay $15.00 below flawless
IPHONE 15 PRO,1TB,att,fair,$302.00 ,570.0,283.00,570.00,514.40,30.00,15.00,30.00,439.40,156.40,55.27%,286.00,153.40,53.64%,Already ≥ 15% profit – bumped $3.00
IPHONE 15 PRO,1TB,att,broken,$303.00 ,570.0,225.00,570.00,514.40,30.00,15.00,50.00,419.40,194.40,86.40%,230.00,189.40,82.35%,Already ≥ 15% profit – bumped $5.00
IPHONE 15 PRO,1TB,verizon,flawless,$447.48 ,570.0,473.00,570.00,514.40,30.00,15.00,10.00,459.40,-13.60,-2.88%,399.00,60.40,15.14%,Repriced to hit 15% profit
IPHONE 15 PRO,1TB,verizon,good,$436.00 ,570.0,388.00,570.00,514.40,30.00,15.00,10.00,459.40,71.40,18.40%,384.00,75.40,19.64%,Already ≥ 15% profit – bumped $1.00; capped good to stay $15.00 below flawless
IPHONE 15 PRO,1TB,verizon,fair,$308.00 ,570.0,283.00,570.00,514.40,30.00,15.00,30.00,439.40,156.40,55.27%,286.00,153.40,53.64%,Already ≥ 15% profit – bumped $3.00
IPHONE 15 PRO,1TB,verizon,broken,$307.00 ,570.0,225.00,570.00,514.40,30.00,15.00,50.00,419.40,194.40,86.40%,230.00,189.40,82.35%,Already ≥ 15% profit – bumped $5.00
IPHONE 15 PRO,1TB,tmobile,flawless,$447.48 ,570.0,493.00,570.00,514.40,30.00,15.00,10.00,459.40,-33.60,-6.82%,399.00,60.40,15.14%,Repriced to hit 15% profit
IPHONE 15 PRO,1TB,tmobile,good,$447.48 ,570.0,426.00,570.00,514.40,30.00,15.00,10.00,459.40,33.40,7.84%,384.00,75.40,19.64%,Repriced to hit 15% profit; capped good to stay $15.00 below flawless
IPHONE 15 PRO,1TB,tmobile,fair,$347.00 ,570.0,323.00,570.00,514.40,30.00,15.00,30.00,439.40,116.40,36.04%,324.00,115.40,35.62%,Already ≥ 15% profit – bumped $1.00
IPHONE 15 PRO,1TB,tmobile,broken,$242.00 ,570.0,225.00,570.00,514.40,30.00,15.00,50.00,419.40,194.40,86.40%,230.00,189.40,82.35%,Already ≥ 15% profit – bumped $5.00
IPHONE 15 PRO,1TB,unlocked,flawless,$447.48 ,595.0,539.00,595.00,537.40,30.00,15.00,10.00,482.40,-56.60,-10.50%,419.00,63.40,15.13%,Repriced to hit 15% profit
IPHONE 15 PRO,1TB,unlocked,good,$447.48 ,595.0,478.00,595.00,537.40,30.00,15.00,10.00,482.40,4.40,0.92%,404.00,78.40,19.41%,Repriced to hit 15% profit; capped good to stay $15.00 below flawless
IPHONE 15 PRO,1TB,unlocked,fair,$430.09 ,595.0,401.00,595.00,537.40,30.00,15.00,30.00,462.40,61.40,15.31%,402.00,60.40,15.02%,Already ≥ 15% profit – bumped $1.00
IPHONE 15 PRO,1TB,unlocked,broken,$412.70 ,595.0,296.00,595.00,537.40,30.00,15.00,50.00,442.40,146.40,49.46%,299.00,143.40,47.96%,Already ≥ 15% profit – bumped $3.00
IPHONE 15 PRO MAX,256GB,att,flawless,$430.99 ,574.0,428.00,574.00,518.08,30.00,15.00,10.00,463.08,35.08,8.20%,403.00,60.08,14.91%,Repriced to hit 15% profit
IPHONE 15 PRO MAX,256GB,att,good,$394.00 ,574.0,396.00,574.00,518.08,30.00,15.00,10.00,463.08,67.08,16.94%,388.00,75.08,19.35%,Already ≥ 15% profit – bumped $1.00; capped good to stay $15.00 below flawless
IPHONE 15 PRO MAX,256GB,att,fair,$302.00 ,574.0,283.00,574.00,518.08,30.00,15.00,30.00,443.08,160.08,56.57%,286.00,157.08,54.92%,Already ≥ 15% profit – bumped $3.00
IPHONE 15 PRO MAX,256GB,att,broken,$252.00 ,574.0,180.00,574.00,518.08,30.00,15.00,50.00,423.08,243.08,135.04%,185.00,238.08,128.69%,Already ≥ 15% profit – bumped $5.00
IPHONE 15 PRO MAX,256GB,verizon,flawless,$404.00 ,574.0,393.00,574.00,518.08,30.00,15.00,10.00,463.08,70.08,17.83%,394.00,69.08,17.53%,Already ≥ 15% profit – bumped $1.00
IPHONE 15 PRO MAX,256GB,verizon,good,$359.00 ,574.0,355.00,574.00,518.08,30.00,15.00,10.00,463.08,108.08,30.45%,356.00,107.08,30.08%,Already ≥ 15% profit – bumped $1.00
IPHONE 15 PRO MAX,256GB,verizon,fair,$299.00 ,574.0,221.00,574.00,518.08,30.00,15.00,30.00,443.08,222.08,100.49%,226.00,217.08,96.05%,Already ≥ 15% profit – bumped $5.00
IPHONE 15 PRO MAX,256GB,verizon,broken,$272.00 ,574.0,205.00,574.00,518.08,30.00,15.00,50.00,423.08,218.08,106.38%,210.00,213.08,101.47%,Already ≥ 15% profit – bumped $5.00
IPHONE 15 PRO MAX,256GB,tmobile,flawless,$434.00 ,574.0,463.00,574.00,518.08,30.00,15.00,10.00,463.08,0.08,0.02%,403.00,60.08,14.91%,Repriced to hit 15% profit
IPHONE 15 PRO MAX,256GB,tmobile,good,$402.00 ,574.0,431.00,574.00,518.08,30.00,15.00,10.00,463.08,32.08,7.44%,388.00,75.08,19.35%,Repriced to hit 15% profit; capped good to stay $15.00 below flawless
IPHONE 15 PRO MAX,256GB,tmobile,fair,$317.00 ,574.0,298.00,574.00,518.08,30.00,15.00,30.00,443.08,145.08,48.68%,301.00,142.08,47.20%,Already ≥ 15% profit – bumped $3.00
IPHONE 15 PRO MAX,256GB,tmobile,broken,$243.00 ,574.0,183.00,574.00,518.08,30.00,15.00,50.00,423.08,240.08,131.19%,188.00,235.08,125.04%,Already ≥ 15% profit – bumped $5.00
IPHONE 15 PRO MAX,256GB,unlocked,flawless,$479.48 ,599.0,553.00,599.00,541.08,30.00,15.00,10.00,486.08,-66.92,-12.10%,423.00,63.08,14.91%,Repriced to hit 15% profit
IPHONE 15 PRO MAX,256GB,unlocked,good,$479.48 ,599.0,491.00,599.00,541.08,30.00,15.00,10.00,486.08,-4.92,-1.00%,408.00,78.08,19.14%,Repriced to hit 15% profit; capped good to stay $15.00 below flawless
IPHONE 15 PRO MAX,256GB,unlocked,fair,$407.00 ,599.0,396.00,599.00,541.08,30.00,15.00,30.00,466.08,70.08,17.70%,397.00,69.08,17.40%,Already ≥ 15% profit – bumped $1.00
IPHONE 15 PRO MAX,256GB,unlocked,broken,$392.00 ,599.0,250.00,599.00,541.08,30.00,15.00,50.00,446.08,196.08,78.43%,255.00,191.08,74.93%,Already ≥ 15% profit – bumped $5.00
IPHONE 15 PRO MAX,512GB,att,flawless,$460.99 ,593.0,463.00,593.00,535.56,30.00,15.00,10.00,480.56,17.56,3.79%,418.00,62.56,14.97%,Repriced to hit 15% profit
IPHONE 15 PRO MAX,512GB,att,good,$417.00 ,593.0,431.00,593.00,535.56,30.00,15.00,10.00,480.56,49.56,11.50%,403.00,77.56,19.25%,Repriced to hit 15% profit; capped good to stay $15.00 below flawless
IPHONE 15 PRO MAX,512GB,att,fair,$332.00 ,593.0,318.00,593.00,535.56,30.00,15.00,30.00,460.56,142.56,44.83%,319.00,141.56,44.38%,Already ≥ 15% profit – bumped $1.00
IPHONE 15 PRO MAX,512GB,att,broken,$282.00 ,593.0,215.00,593.00,535.56,30.00,15.00,50.00,440.56,225.56,104.91%,220.00,220.56,100.25%,Already ≥ 15% profit – bumped $5.00
IPHONE 15 PRO MAX,512GB,verizon,flawless,$434.00 ,593.0,413.00,593.00,535.56,30.00,15.00,10.00,480.56,67.56,16.36%,414.00,66.56,16.08%,Already ≥ 15% profit – bumped $1.00
IPHONE 15 PRO MAX,512GB,verizon,good,$401.00 ,593.0,398.00,593.00,535.56,30.00,15.00,10.00,480.56,82.56,20.74%,399.00,81.56,20.44%,Already ≥ 15% profit – bumped $1.00
IPHONE 15 PRO MAX,512GB,verizon,fair,$322.00 ,593.0,240.00,593.00,535.56,30.00,15.00,30.00,460.56,220.56,91.90%,245.00,215.56,87.98%,Already ≥ 15% profit – bumped $5.00
IPHONE 15 PRO MAX,512GB,verizon,broken,$302.00 ,593.0,215.00,593.00,535.56,30.00,15.00,50.00,440.56,225.56,104.91%,220.00,220.56,100.25%,Already ≥ 15% profit – bumped $5.00
IPHONE 15 PRO MAX,512GB,tmobile,flawless,$464.00 ,593.0,498.00,593.00,535.56,30.00,15.00,10.00,480.56,-17.44,-3.50%,418.00,62.56,14.97%,Repriced to hit 15% profit
IPHONE 15 PRO MAX,512GB,tmobile,good,$432.00 ,593.0,466.00,593.00,535.56,30.00,15.00,10.00,480.56,14.56,3.12%,403.00,77.56,19.25%,Repriced to hit 15% profit; capped good to stay $15.00 below flawless
IPHONE 15 PRO MAX,512GB,tmobile,fair,$347.00 ,593.0,333.00,593.00,535.56,30.00,15.00,30.00,460.56,127.56,38.31%,334.00,126.56,37.89%,Already ≥ 15% profit – bumped $1.00
IPHONE 15 PRO MAX,512GB,tmobile,broken,$273.00 ,593.0,215.00,593.00,535.56,30.00,15.00,50.00,440.56,225.56,104.91%,220.00,220.56,100.25%,Already ≥ 15% profit – bumped $5.00
IPHONE 15 PRO MAX,512GB,unlocked,flawless,$495.48 ,618.0,588.00,618.00,558.56,30.00,15.00,10.00,503.56,-84.44,-14.36%,438.00,65.56,14.97%,Repriced to hit 15% profit
IPHONE 15 PRO MAX,512GB,unlocked,good,$495.48 ,618.0,528.00,618.00,558.56,30.00,15.00,10.00,503.56,-24.44,-4.63%,423.00,80.56,19.04%,Repriced to hit 15% profit; capped good to stay $15.00 below flawless
IPHONE 15 PRO MAX,512GB,unlocked,fair,$437.00 ,618.0,431.00,618.00,558.56,30.00,15.00,30.00,483.56,52.56,12.19%,420.00,63.56,15.13%,Repriced to hit 15% profit
IPHONE 15 PRO MAX,512GB,unlocked,broken,$427.00 ,618.0,290.00,618.00,558.56,30.00,15.00,50.00,463.56,173.56,59.85%,293.00,170.56,58.21%,Already ≥ 15% profit – bumped $3.00
IPHONE 15 PRO MAX,1TB,att,flawless,$495.48 ,640.0,508.00,640.00,578.80,30.00,15.00,10.00,523.80,15.80,3.11%,455.00,68.80,15.12%,Repriced to hit 15% profit
IPHONE 15 PRO MAX,1TB,att,good,$464.00 ,640.0,476.00,640.00,578.80,30.00,15.00,10.00,523.80,47.80,10.04%,440.00,83.80,19.05%,Repriced to hit 15% profit; capped good to stay $15.00 below flawless
IPHONE 15 PRO MAX,1TB,att,fair,$372.00 ,640.0,363.00,640.00,578.80,30.00,15.00,30.00,503.80,140.80,38.79%,364.00,139.80,38.41%,Already ≥ 15% profit – bumped $1.00
IPHONE 15 PRO MAX,1TB,att,broken,$312.00 ,640.0,245.00,640.00,578.80,30.00,15.00,50.00,483.80,238.80,97.47%,250.00,233.80,93.52%,Already ≥ 15% profit – bumped $5.00
IPHONE 15 PRO MAX,1TB,verizon,flawless,$479.00 ,640.0,473.00,640.00,578.80,30.00,15.00,10.00,523.80,50.80,10.74%,455.00,68.80,15.12%,Repriced to hit 15% profit
IPHONE 15 PRO MAX,1TB,verizon,good,$457.00 ,640.0,457.00,640.00,578.80,30.00,15.00,10.00,523.80,66.80,14.62%,440.00,83.80,19.05%,Repriced to hit 15% profit; capped good to stay $15.00 below flawless
IPHONE 15 PRO MAX,1TB,verizon,fair,$356.00 ,640.0,283.00,640.00,578.80,30.00,15.00,30.00,503.80,220.80,78.02%,288.00,215.80,74.93%,Already ≥ 15% profit – bumped $5.00
IPHONE 15 PRO MAX,1TB,verizon,broken,$332.00 ,640.0,245.00,640.00,578.80,30.00,15.00,50.00,483.80,238.80,97.47%,250.00,233.80,93.52%,Already ≥ 15% profit – bumped $5.00
IPHONE 15 PRO MAX,1TB,tmobile,flawless,$495.48 ,640.0,543.00,640.00,578.80,30.00,15.00,10.00,523.80,-19.20,-3.54%,455.00,68.80,15.12%,Repriced to hit 15% profit
IPHONE 15 PRO MAX,1TB,tmobile,good,$472.00 ,640.0,511.00,640.00,578.80,30.00,15.00,10.00,523.80,12.80,2.50%,440.00,83.80,19.05%,Repriced to hit 15% profit; capped good to stay $15.00 below flawless
IPHONE 15 PRO MAX,1TB,tmobile,fair,$387.00 ,640.0,375.00,640.00,578.80,30.00,15.00,30.00,503.80,128.80,34.35%,376.00,127.80,33.99%,Already ≥ 15% profit – bumped $1.00
IPHONE 15 PRO MAX,1TB,tmobile,broken,$303.00 ,640.0,245.00,640.00,578.80,30.00,15.00,50.00,483.80,238.80,97.47%,250.00,233.80,93.52%,Already ≥ 15% profit – bumped $5.00
IPHONE 15 PRO MAX,1TB,unlocked,flawless,$495.48 ,665.0,633.00,665.00,601.80,30.00,15.00,10.00,546.80,-86.20,-13.62%,475.00,71.80,15.12%,Repriced to hit 15% profit
IPHONE 15 PRO MAX,1TB,unlocked,good,$495.48 ,665.0,573.00,665.00,601.80,30.00,15.00,10.00,546.80,-26.20,-4.57%,460.00,86.80,18.87%,Repriced to hit 15% profit; capped good to stay $15.00 below flawless
IPHONE 15 PRO MAX,1TB,unlocked,fair,$476.00 ,665.0,476.00,665.00,601.80,30.00,15.00,30.00,526.80,50.80,10.67%,458.00,68.80,15.02%,Repriced to hit 15% profit
IPHONE 15 PRO MAX,1TB,unlocked,broken,$460.70 ,665.0,310.00,665.00,601.80,30.00,15.00,50.00,506.80,196.80,63.48%,313.00,193.80,61.92%,Already ≥ 15% profit – bumped $3.00
IPHONE 16,128GB,att,flawless,$347.99 ,504.95000000000005,389.00,504.95,454.55,30.00,15.00,10.00,399.55,10.55,2.71%,347.00,52.55,15.15%,Repriced to hit 15% profit
IPHONE 16,128GB,att,good,$296.00 ,504.95000000000005,327.00,504.95,454.55,30.00,15.00,10.00,399.55,72.55,22.19%,328.00,71.55,21.82%,Already ≥ 15% profit – bumped $1.00
IPHONE 16,128GB,att,fair,$237.00 ,504.95000000000005,238.00,504.95,454.55,30.00,15.00,30.00,379.55,141.55,59.48%,241.00,138.55,57.49%,Already ≥ 15% profit – bumped $3.00
IPHONE 16,128GB,att,broken,$153.00 ,504.95000000000005,138.00,504.95,454.55,30.00,15.00,50.00,359.55,221.55,160.55%,143.00,216.55,151.44%,Already ≥ 15% profit – bumped $5.00
IPHONE 16,128GB,verizon,flawless,$350.50 ,504.95000000000005,389.00,504.95,454.55,30.00,15.00,10.00,399.55,10.55,2.71%,347.00,52.55,15.15%,Repriced to hit 15% profit
IPHONE 16,128GB,verizon,good,$306.00 ,504.95000000000005,332.00,504.95,454.55,30.00,15.00,10.00,399.55,67.55,20.35%,332.00,67.55,20.35%,Already ≥ 15% profit – bumped $1.00; capped good to stay $15.00 below flawless
IPHONE 16,128GB,verizon,fair,$247.00 ,504.95000000000005,238.00,504.95,454.55,30.00,15.00,30.00,379.55,141.55,59.48%,241.00,138.55,57.49%,Already ≥ 15% profit – bumped $3.00
IPHONE 16,128GB,verizon,broken,$209.00 ,504.95000000000005,140.00,504.95,454.55,30.00,15.00,50.00,359.55,219.55,156.82%,145.00,214.55,147.97%,Already ≥ 15% profit – bumped $5.00
IPHONE 16,128GB,tmobile,flawless,$346.00 ,504.95000000000005,384.00,504.95,454.55,30.00,15.00,10.00,399.55,15.55,4.05%,347.00,52.55,15.15%,Repriced to hit 15% profit
IPHONE 16,128GB,tmobile,good,$286.00 ,504.95000000000005,343.00,504.95,454.55,30.00,15.00,10.00,399.55,56.55,16.49%,332.00,67.55,20.35%,Already ≥ 15% profit – bumped $1.00; capped good to stay $15.00 below flawless
IPHONE 16,128GB,tmobile,fair,$212.00 ,504.95000000000005,213.00,504.95,454.55,30.00,15.00,30.00,379.55,166.55,78.19%,218.00,161.55,74.11%,Already ≥ 15% profit – bumped $5.00
IPHONE 16,128GB,tmobile,broken,$141.00 ,504.95000000000005,135.00,504.95,454.55,30.00,15.00,50.00,359.55,224.55,166.34%,140.00,219.55,156.82%,Already ≥ 15% profit – bumped $5.00
IPHONE 16,128GB,unlocked,flawless,$399.48 ,529.95,465.00,529.95,477.55,30.00,15.00,10.00,422.55,-42.45,-9.13%,367.00,55.55,15.14%,Repriced to hit 15% profit
IPHONE 16,128GB,unlocked,good,$399.48 ,529.95,413.00,529.95,477.55,30.00,15.00,10.00,422.55,9.55,2.31%,352.00,70.55,20.04%,Repriced to hit 15% profit; capped good to stay $15.00 below flawless
IPHONE 16,128GB,unlocked,fair,$337.00 ,529.95,331.00,529.95,477.55,30.00,15.00,30.00,402.55,71.55,21.62%,332.00,70.55,21.25%,Already ≥ 15% profit – bumped $1.00
IPHONE 16,128GB,unlocked,broken,$279.00 ,529.95,198.00,529.95,477.55,30.00,15.00,50.00,382.55,184.55,93.21%,203.00,179.55,88.45%,Already ≥ 15% profit – bumped $5.00
IPHONE 16,256GB,att,flawless,$387.99 ,625.51,413.00,625.51,565.47,30.00,15.00,10.00,510.47,97.47,23.60%,414.00,96.47,23.30%,Already ≥ 15% profit – bumped $1.00
IPHONE 16,256GB,att,good,$343.00 ,625.51,373.00,625.51,565.47,30.00,15.00,10.00,510.47,137.47,36.86%,374.00,136.47,36.49%,Already ≥ 15% profit – bumped $1.00
IPHONE 16,256GB,att,fair,$267.00 ,625.51,278.00,625.51,565.47,30.00,15.00,30.00,490.47,212.47,76.43%,283.00,207.47,73.31%,Already ≥ 15% profit – bumped $5.00
IPHONE 16,256GB,att,broken,$193.00 ,625.51,183.00,625.51,565.47,30.00,15.00,50.00,470.47,287.47,157.09%,188.00,282.47,150.25%,Already ≥ 15% profit – bumped $5.00
IPHONE 16,256GB,verizon,flawless,$408.00 ,625.51,429.00,625.51,565.47,30.00,15.00,10.00,510.47,81.47,18.99%,430.00,80.47,18.71%,Already ≥ 15% profit – bumped $1.00
IPHONE 16,256GB,verizon,good,$353.00 ,625.51,372.00,625.51,565.47,30.00,15.00,10.00,510.47,138.47,37.22%,373.00,137.47,36.86%,Already ≥ 15% profit – bumped $1.00
IPHONE 16,256GB,verizon,fair,$279.00 ,625.51,278.00,625.51,565.47,30.00,15.00,30.00,490.47,212.47,76.43%,283.00,207.47,73.31%,Already ≥ 15% profit – bumped $5.00
IPHONE 16,256GB,verizon,broken,$224.00 ,625.51,185.00,625.51,565.47,30.00,15.00,50.00,470.47,285.47,154.31%,190.00,280.47,147.62%,Already ≥ 15% profit – bumped $5.00
IPHONE 16,256GB,tmobile,flawless,$371.00 ,625.51,424.00,625.51,565.47,30.00,15.00,10.00,510.47,86.47,20.39%,425.00,85.47,20.11%,Already ≥ 15% profit – bumped $1.00
IPHONE 16,256GB,tmobile,good,$317.00 ,625.51,384.00,625.51,565.47,30.00,15.00,10.00,510.47,126.47,32.93%,385.00,125.47,32.59%,Already ≥ 15% profit – bumped $1.00
IPHONE 16,256GB,tmobile,fair,$242.00 ,625.51,253.00,625.51,565.47,30.00,15.00,30.00,490.47,237.47,93.86%,258.00,232.47,90.10%,Already ≥ 15% profit – bumped $5.00
IPHONE 16,256GB,tmobile,broken,$190.00 ,625.51,170.00,625.51,565.47,30.00,15.00,50.00,470.47,300.47,176.75%,175.00,295.47,168.84%,Already ≥ 15% profit – bumped $5.00
IPHONE 16,256GB,unlocked,flawless,$463.48 ,650.51,507.00,650.51,588.47,30.00,15.00,10.00,533.47,26.47,5.22%,464.00,69.47,14.97%,Repriced to hit 15% profit
IPHONE 16,256GB,unlocked,good,$442.00 ,650.51,455.00,650.51,588.47,30.00,15.00,10.00,533.47,78.47,17.25%,449.00,84.47,18.81%,Already ≥ 15% profit – bumped $1.00; capped good to stay $15.00 below flawless
IPHONE 16,256GB,unlocked,fair,$367.00 ,650.51,371.00,650.51,588.47,30.00,15.00,30.00,513.47,142.47,38.40%,372.00,141.47,38.03%,Already ≥ 15% profit – bumped $1.00
IPHONE 16,256GB,unlocked,broken,$316.00 ,650.51,248.00,650.51,588.47,30.00,15.00,50.00,493.47,245.47,98.98%,253.00,240.47,95.05%,Already ≥ 15% profit – bumped $5.00
IPHONE 16,512GB,att,flawless,$411.99 ,644.0,443.00,644.00,582.48,30.00,15.00,10.00,527.48,84.48,19.07%,444.00,83.48,18.80%,Already ≥ 15% profit – bumped $1.00
IPHONE 16,512GB,att,good,$361.00 ,644.0,396.00,644.00,582.48,30.00,15.00,10.00,527.48,131.48,33.20%,397.00,130.48,32.87%,Already ≥ 15% profit – bumped $1.00
IPHONE 16,512GB,att,fair,$297.00 ,644.0,308.00,644.00,582.48,30.00,15.00,30.00,507.48,199.48,64.77%,311.00,196.48,63.18%,Already ≥ 15% profit – bumped $3.00
IPHONE 16,512GB,att,broken,$243.00 ,644.0,223.00,644.00,582.48,30.00,15.00,50.00,487.48,264.48,118.60%,228.00,259.48,113.81%,Already ≥ 15% profit – bumped $5.00
IPHONE 16,512GB,verizon,flawless,$428.00 ,644.0,453.00,644.00,582.48,30.00,15.00,10.00,527.48,74.48,16.44%,454.00,73.48,16.19%,Already ≥ 15% profit – bumped $1.00
IPHONE 16,512GB,verizon,good,$371.00 ,644.0,404.00,644.00,582.48,30.00,15.00,10.00,527.48,123.48,30.56%,405.00,122.48,30.24%,Already ≥ 15% profit – bumped $1.00
IPHONE 16,512GB,verizon,fair,$307.00 ,644.0,308.00,644.00,582.48,30.00,15.00,30.00,507.48,199.48,64.77%,311.00,196.48,63.18%,Already ≥ 15% profit – bumped $3.00
IPHONE 16,512GB,verizon,broken,$272.00 ,644.0,225.00,644.00,582.48,30.00,15.00,50.00,487.48,262.48,116.66%,230.00,257.48,111.95%,Already ≥ 15% profit – bumped $5.00
IPHONE 16,512GB,tmobile,flawless,$411.00 ,644.0,469.00,644.00,582.48,30.00,15.00,10.00,527.48,58.48,12.47%,459.00,68.48,14.92%,Repriced to hit 15% profit
IPHONE 16,512GB,tmobile,good,$356.00 ,644.0,424.00,644.00,582.48,30.00,15.00,10.00,527.48,103.48,24.41%,425.00,102.48,24.11%,Already ≥ 15% profit – bumped $1.00
IPHONE 16,512GB,tmobile,fair,$272.00 ,644.0,283.00,644.00,582.48,30.00,15.00,30.00,507.48,224.48,79.32%,288.00,219.48,76.21%,Already ≥ 15% profit – bumped $5.00
IPHONE 16,512GB,tmobile,broken,$230.00 ,644.0,200.00,644.00,582.48,30.00,15.00,50.00,487.48,287.48,143.74%,205.00,282.48,137.80%,Already ≥ 15% profit – bumped $5.00
IPHONE 16,512GB,unlocked,flawless,$524.99 ,669.0,538.00,669.00,605.48,30.00,15.00,10.00,550.48,12.48,2.32%,479.00,71.48,14.92%,Repriced to hit 15% profit
IPHONE 16,512GB,unlocked,good,$472.00 ,669.0,486.00,669.00,605.48,30.00,15.00,10.00,550.48,64.48,13.27%,464.00,86.48,18.64%,Repriced to hit 15% profit; capped good to stay $15.00 below flawless
IPHONE 16,512GB,unlocked,fair,$397.00 ,669.0,401.00,669.00,605.48,30.00,15.00,30.00,530.48,129.48,32.29%,402.00,128.48,31.96%,Already ≥ 15% profit – bumped $1.00
IPHONE 16,512GB,unlocked,broken,$366.00 ,669.0,296.00,669.00,605.48,30.00,15.00,50.00,510.48,214.48,72.46%,299.00,211.48,70.73%,Already ≥ 15% profit – bumped $3.00
IPHONE 16 PLUS,128GB,att,flawless,$372.99 ,520.0,367.00,520.00,468.40,30.00,15.00,10.00,413.40,46.40,12.64%,359.00,54.40,15.15%,Repriced to hit 15% profit
IPHONE 16 PLUS,128GB,att,good,$350.00 ,520.0,328.00,520.00,468.40,30.00,15.00,10.00,413.40,85.40,26.04%,329.00,84.40,25.65%,Already ≥ 15% profit – bumped $1.00
IPHONE 16 PLUS,128GB,att,fair,$257.00 ,520.0,234.00,520.00,468.40,30.00,15.00,30.00,393.40,159.40,68.12%,237.00,156.40,65.99%,Already ≥ 15% profit – bumped $3.00
IPHONE 16 PLUS,128GB,att,broken,$218.00 ,520.0,173.00,520.00,468.40,30.00,15.00,50.00,373.40,200.40,115.84%,178.00,195.40,109.78%,Already ≥ 15% profit – bumped $5.00
IPHONE 16 PLUS,128GB,verizon,flawless,$411.48 ,520.0,372.00,520.00,468.40,30.00,15.00,10.00,413.40,41.40,11.13%,359.00,54.40,15.15%,Repriced to hit 15% profit
IPHONE 16 PLUS,128GB,verizon,good,$388.00 ,520.0,339.00,520.00,468.40,30.00,15.00,10.00,413.40,74.40,21.95%,340.00,73.40,21.59%,Already ≥ 15% profit – bumped $1.00
IPHONE 16 PLUS,128GB,verizon,fair,$315.00 ,520.0,281.00,520.00,468.40,30.00,15.00,30.00,393.40,112.40,40.00%,282.00,111.40,39.50%,Already ≥ 15% profit – bumped $1.00
IPHONE 16 PLUS,128GB,verizon,broken,$236.00 ,520.0,173.00,520.00,468.40,30.00,15.00,50.00,373.40,200.40,115.84%,178.00,195.40,109.78%,Already ≥ 15% profit – bumped $5.00
IPHONE 16 PLUS,128GB,tmobile,flawless,$411.48 ,520.0,367.00,520.00,468.40,30.00,15.00,10.00,413.40,46.40,12.64%,359.00,54.40,15.15%,Repriced to hit 15% profit
IPHONE 16 PLUS,128GB,tmobile,good,$384.00 ,520.0,328.00,520.00,468.40,30.00,15.00,10.00,413.40,85.40,26.04%,329.00,84.40,25.65%,Already ≥ 15% profit – bumped $1.00
IPHONE 16 PLUS,128GB,tmobile,fair,$257.00 ,520.0,234.00,520.00,468.40,30.00,15.00,30.00,393.40,159.40,68.12%,237.00,156.40,65.99%,Already ≥ 15% profit – bumped $3.00
IPHONE 16 PLUS,128GB,tmobile,broken,$183.00 ,520.0,148.00,520.00,468.40,30.00,15.00,50.00,373.40,225.40,152.30%,153.00,220.40,144.05%,Already ≥ 15% profit – bumped $5.00
IPHONE 16 PLUS,128GB,unlocked,flawless,$411.48 ,545.0,487.00,545.00,491.40,30.00,15.00,10.00,436.40,-50.60,-10.39%,379.00,57.40,15.15%,Repriced to hit 15% profit
IPHONE 16 PLUS,128GB,unlocked,good,$411.48 ,545.0,455.00,545.00,491.40,30.00,15.00,10.00,436.40,-18.60,-4.09%,364.00,72.40,19.89%,Repriced to hit 15% profit; capped good to stay $15.00 below flawless
IPHONE 16 PLUS,128GB,unlocked,fair,$394.09 ,545.0,380.00,545.00,491.40,30.00,15.00,30.00,416.40,36.40,9.58%,362.00,54.40,15.03%,Repriced to hit 15% profit
IPHONE 16 PLUS,128GB,unlocked,broken,$274.00 ,545.0,223.00,545.00,491.40,30.00,15.00,50.00,396.40,173.40,77.76%,228.00,168.40,73.86%,Already ≥ 15% profit – bumped $5.00
IPHONE 16 PLUS,256GB,att,flawless,$411.99 ,669.0,412.00,669.00,605.48,30.00,15.00,10.00,550.48,138.48,33.61%,413.00,137.48,33.29%,Already ≥ 15% profit – bumped $1.00
IPHONE 16 PLUS,256GB,att,good,$371.00 ,669.0,369.00,669.00,605.48,30.00,15.00,10.00,550.48,181.48,49.18%,372.00,178.48,47.98%,Already ≥ 15% profit – bumped $3.00
IPHONE 16 PLUS,256GB,att,fair,$298.00 ,669.0,274.00,669.00,605.48,30.00,15.00,30.00,530.48,256.48,93.61%,279.00,251.48,90.14%,Already ≥ 15% profit – bumped $5.00
IPHONE 16 PLUS,256GB,att,broken,$258.00 ,669.0,218.00,669.00,605.48,30.00,15.00,50.00,510.48,292.48,134.17%,223.00,287.48,128.91%,Already ≥ 15% profit – bumped $5.00
IPHONE 16 PLUS,256GB,verizon,flawless,$476.00 ,669.0,412.00,669.00,605.48,30.00,15.00,10.00,550.48,138.48,33.61%,413.00,137.48,33.29%,Already ≥ 15% profit – bumped $1.00
IPHONE 16 PLUS,256GB,verizon,good,$427.00 ,669.0,379.00,669.00,605.48,30.00,15.00,10.00,550.48,171.48,45.25%,382.00,168.48,44.10%,Already ≥ 15% profit – bumped $3.00
IPHONE 16 PLUS,256GB,verizon,fair,$355.00 ,669.0,321.00,669.00,605.48,30.00,15.00,30.00,530.48,209.48,65.26%,324.00,206.48,63.73%,Already ≥ 15% profit – bumped $3.00
IPHONE 16 PLUS,256GB,verizon,broken,$276.00 ,669.0,218.00,669.00,605.48,30.00,15.00,50.00,510.48,292.48,134.17%,223.00,287.48,128.91%,Already ≥ 15% profit – bumped $5.00
IPHONE 16 PLUS,256GB,tmobile,flawless,$463.00 ,669.0,412.00,669.00,605.48,30.00,15.00,10.00,550.48,138.48,33.61%,413.00,137.48,33.29%,Already ≥ 15% profit – bumped $1.00
IPHONE 16 PLUS,256GB,tmobile,good,$409.00 ,669.0,374.00,669.00,605.48,30.00,15.00,10.00,550.48,176.48,47.19%,377.00,173.48,46.02%,Already ≥ 15% profit – bumped $3.00
IPHONE 16 PLUS,256GB,tmobile,fair,$297.00 ,669.0,274.00,669.00,605.48,30.00,15.00,30.00,530.48,256.48,93.61%,279.00,251.48,90.14%,Already ≥ 15% profit – bumped $5.00
IPHONE 16 PLUS,256GB,tmobile,broken,$223.00 ,669.0,193.00,669.00,605.48,30.00,15.00,50.00,510.48,317.48,164.50%,198.00,312.48,157.82%,Already ≥ 15% profit – bumped $5.00
IPHONE 16 PLUS,256GB,unlocked,flawless,$503.48 ,694.0,529.00,694.00,628.48,30.00,15.00,10.00,573.48,44.48,8.41%,499.00,74.48,14.93%,Repriced to hit 15% profit
IPHONE 16 PLUS,256GB,unlocked,good,$503.48 ,694.0,497.00,694.00,628.48,30.00,15.00,10.00,573.48,76.48,15.39%,484.00,89.48,18.49%,Already ≥ 15% profit – bumped $1.00; capped good to stay $15.00 below flawless
IPHONE 16 PLUS,256GB,unlocked,fair,$446.00 ,694.0,420.00,694.00,628.48,30.00,15.00,30.00,553.48,133.48,31.78%,421.00,132.48,31.47%,Already ≥ 15% profit – bumped $1.00
IPHONE 16 PLUS,256GB,unlocked,broken,$334.00 ,694.0,268.00,694.00,628.48,30.00,15.00,50.00,533.48,265.48,99.06%,273.00,260.48,95.41%,Already ≥ 15% profit – bumped $5.00
IPHONE 16 PLUS,512GB,att,flawless,$462.99 ,774.99,457.00,774.99,702.99,30.00,15.00,10.00,647.99,190.99,41.79%,458.00,189.99,41.48%,Already ≥ 15% profit – bumped $1.00
IPHONE 16 PLUS,512GB,att,good,$421.00 ,774.99,409.00,774.99,702.99,30.00,15.00,10.00,647.99,238.99,58.43%,412.00,235.99,57.28%,Already ≥ 15% profit – bumped $3.00
IPHONE 16 PLUS,512GB,att,fair,$332.00 ,774.99,309.00,774.99,702.99,30.00,15.00,30.00,627.99,318.99,103.23%,314.00,313.99,100.00%,Already ≥ 15% profit – bumped $5.00
IPHONE 16 PLUS,512GB,att,broken,$303.00 ,774.99,258.00,774.99,702.99,30.00,15.00,50.00,607.99,349.99,135.66%,263.00,344.99,131.18%,Already ≥ 15% profit – bumped $5.00
IPHONE 16 PLUS,512GB,verizon,flawless,$514.00 ,774.99,457.00,774.99,702.99,30.00,15.00,10.00,647.99,190.99,41.79%,458.00,189.99,41.48%,Already ≥ 15% profit – bumped $1.00
IPHONE 16 PLUS,512GB,verizon,good,$463.00 ,774.99,414.00,774.99,702.99,30.00,15.00,10.00,647.99,233.99,56.52%,417.00,230.99,55.39%,Already ≥ 15% profit – bumped $3.00
IPHONE 16 PLUS,512GB,verizon,fair,$389.00 ,774.99,356.00,774.99,702.99,30.00,15.00,30.00,627.99,271.99,76.40%,361.00,266.99,73.96%,Already ≥ 15% profit – bumped $5.00
IPHONE 16 PLUS,512GB,verizon,broken,$321.00 ,774.99,258.00,774.99,702.99,30.00,15.00,50.00,607.99,349.99,135.66%,263.00,344.99,131.18%,Already ≥ 15% profit – bumped $5.00
IPHONE 16 PLUS,512GB,tmobile,flawless,$501.00 ,774.99,457.00,774.99,702.99,30.00,15.00,10.00,647.99,190.99,41.79%,458.00,189.99,41.48%,Already ≥ 15% profit – bumped $1.00
IPHONE 16 PLUS,512GB,tmobile,good,$459.00 ,774.99,415.00,774.99,702.99,30.00,15.00,10.00,647.99,232.99,56.14%,418.00,229.99,55.02%,Already ≥ 15% profit – bumped $3.00
IPHONE 16 PLUS,512GB,tmobile,fair,$332.00 ,774.99,309.00,774.99,702.99,30.00,15.00,30.00,627.99,318.99,103.23%,314.00,313.99,100.00%,Already ≥ 15% profit – bumped $5.00
IPHONE 16 PLUS,512GB,tmobile,broken,$268.00 ,774.99,233.00,774.99,702.99,30.00,15.00,50.00,607.99,374.99,160.94%,238.00,369.99,155.46%,Already ≥ 15% profit – bumped $5.00
IPHONE 16 PLUS,512GB,unlocked,flawless,$608.99 ,799.99,564.00,799.99,725.99,30.00,15.00,10.00,670.99,106.99,18.97%,565.00,105.99,18.76%,Already ≥ 15% profit – bumped $1.00
IPHONE 16 PLUS,512GB,unlocked,good,$578.00 ,799.99,533.00,799.99,725.99,30.00,15.00,10.00,670.99,137.99,25.89%,534.00,136.99,25.65%,Already ≥ 15% profit – bumped $1.00
IPHONE 16 PLUS,512GB,unlocked,fair,$481.00 ,799.99,455.00,799.99,725.99,30.00,15.00,30.00,650.99,195.99,43.07%,456.00,194.99,42.76%,Already ≥ 15% profit – bumped $1.00
IPHONE 16 PLUS,512GB,unlocked,broken,$367.00 ,799.99,308.00,799.99,725.99,30.00,15.00,50.00,630.99,322.99,104.87%,313.00,317.99,101.59%,Already ≥ 15% profit – bumped $5.00
IPHONE 16 PRO,128GB,att,flawless,$476.00 ,624.0,515.00,624.00,564.08,30.00,15.00,10.00,509.08,-5.92,-1.15%,443.00,66.08,14.92%,Repriced to hit 15% profit
IPHONE 16 PRO,128GB,att,good,$432.00 ,624.0,451.00,624.00,564.08,30.00,15.00,10.00,509.08,58.08,12.88%,428.00,81.08,18.94%,Repriced to hit 15% profit; capped good to stay $15.00 below flawless
IPHONE 16 PRO,128GB,att,fair,$357.00 ,624.0,289.00,624.00,564.08,30.00,15.00,30.00,489.08,200.08,69.23%,292.00,197.08,67.49%,Already ≥ 15% profit – bumped $3.00
IPHONE 16 PRO,128GB,att,broken,$253.00 ,624.0,187.00,624.00,564.08,30.00,15.00,50.00,469.08,282.08,150.84%,192.00,277.08,144.31%,Already ≥ 15% profit – bumped $5.00
IPHONE 16 PRO,128GB,verizon,flawless,$479.48 ,624.0,427.00,624.00,564.08,30.00,15.00,10.00,509.08,82.08,19.22%,428.00,81.08,18.94%,Already ≥ 15% profit – bumped $1.00
IPHONE 16 PRO,128GB,verizon,good,$479.48 ,624.0,404.00,624.00,564.08,30.00,15.00,10.00,509.08,105.08,26.01%,405.00,104.08,25.70%,Already ≥ 15% profit – bumped $1.00
IPHONE 16 PRO,128GB,verizon,fair,$462.09 ,624.0,244.00,624.00,564.08,30.00,15.00,30.00,489.08,245.08,100.44%,249.00,240.08,96.42%,Already ≥ 15% profit – bumped $5.00
IPHONE 16 PRO,128GB,verizon,broken,$444.70 ,624.0,180.00,624.00,564.08,30.00,15.00,50.00,469.08,289.08,160.60%,185.00,284.08,153.56%,Already ≥ 15% profit – bumped $5.00
IPHONE 16 PRO,128GB,tmobile,flawless,$479.48 ,624.0,554.00,624.00,564.08,30.00,15.00,10.00,509.08,-44.92,-8.11%,443.00,66.08,14.92%,Repriced to hit 15% profit
IPHONE 16 PRO,128GB,tmobile,good,$479.48 ,624.0,500.00,624.00,564.08,30.00,15.00,10.00,509.08,9.08,1.82%,428.00,81.08,18.94%,Repriced to hit 15% profit; capped good to stay $15.00 below flawless
IPHONE 16 PRO,128GB,tmobile,fair,$387.00 ,624.0,314.00,624.00,564.08,30.00,15.00,30.00,489.08,175.08,55.76%,317.00,172.08,54.28%,Already ≥ 15% profit – bumped $3.00
IPHONE 16 PRO,128GB,tmobile,broken,$223.00 ,624.0,177.00,624.00,564.08,30.00,15.00,50.00,469.08,292.08,165.02%,182.00,287.08,157.74%,Already ≥ 15% profit – bumped $5.00
IPHONE 16 PRO,128GB,unlocked,flawless,$479.48 ,649.0,539.00,649.00,587.08,30.00,15.00,10.00,532.08,-6.92,-1.28%,463.00,69.08,14.92%,Repriced to hit 15% profit
IPHONE 16 PRO,128GB,unlocked,good,$479.48 ,649.0,481.00,649.00,587.08,30.00,15.00,10.00,532.08,51.08,10.62%,448.00,84.08,18.77%,Repriced to hit 15% profit; capped good to stay $15.00 below flawless
IPHONE 16 PRO,128GB,unlocked,fair,$456.00 ,649.0,384.00,649.00,587.08,30.00,15.00,30.00,512.08,128.08,33.35%,385.00,127.08,33.01%,Already ≥ 15% profit – bumped $1.00
IPHONE 16 PRO,128GB,unlocked,broken,$322.00 ,649.0,261.00,649.00,587.08,30.00,15.00,50.00,492.08,231.08,88.54%,266.00,226.08,84.99%,Already ≥ 15% profit – bumped $5.00
IPHONE 16 PRO,256GB,att,flawless,$513.00 ,684.95,559.00,684.95,620.15,30.00,15.00,10.00,565.15,6.15,1.10%,491.00,74.15,15.10%,Repriced to hit 15% profit
IPHONE 16 PRO,256GB,att,good,$461.00 ,684.95,494.00,684.95,620.15,30.00,15.00,10.00,565.15,71.15,14.40%,476.00,89.15,18.73%,Repriced to hit 15% profit; capped good to stay $15.00 below flawless
IPHONE 16 PRO,256GB,att,fair,$406.00 ,684.95,339.00,684.95,620.15,30.00,15.00,30.00,545.15,206.15,60.81%,342.00,203.15,59.40%,Already ≥ 15% profit – bumped $3.00
IPHONE 16 PRO,256GB,att,broken,$322.00 ,684.95,205.00,684.95,620.15,30.00,15.00,50.00,525.15,320.15,156.17%,210.00,315.15,150.07%,Already ≥ 15% profit – bumped $5.00
IPHONE 16 PRO,256GB,verizon,flawless,$527.48 ,684.95,464.00,684.95,620.15,30.00,15.00,10.00,565.15,101.15,21.80%,465.00,100.15,21.54%,Already ≥ 15% profit – bumped $1.00
IPHONE 16 PRO,256GB,verizon,good,$517.00 ,684.95,428.00,684.95,620.15,30.00,15.00,10.00,565.15,137.15,32.05%,429.00,136.15,31.74%,Already ≥ 15% profit – bumped $1.00
IPHONE 16 PRO,256GB,verizon,fair,$441.00 ,684.95,274.00,684.95,620.15,30.00,15.00,30.00,545.15,271.15,98.96%,279.00,266.15,95.40%,Already ≥ 15% profit – bumped $5.00
IPHONE 16 PRO,256GB,verizon,broken,$348.00 ,684.95,205.00,684.95,620.15,30.00,15.00,50.00,525.15,320.15,156.17%,210.00,315.15,150.07%,Already ≥ 15% profit – bumped $5.00
IPHONE 16 PRO,256GB,tmobile,flawless,$527.48 ,684.95,604.00,684.95,620.15,30.00,15.00,10.00,565.15,-38.85,-6.43%,491.00,74.15,15.10%,Repriced to hit 15% profit
IPHONE 16 PRO,256GB,tmobile,good,$507.00 ,684.95,539.00,684.95,620.15,30.00,15.00,10.00,565.15,26.15,4.85%,476.00,89.15,18.73%,Repriced to hit 15% profit; capped good to stay $15.00 below flawless
IPHONE 16 PRO,256GB,tmobile,fair,$431.00 ,684.95,364.00,684.95,620.15,30.00,15.00,30.00,545.15,181.15,49.77%,367.00,178.15,48.54%,Already ≥ 15% profit – bumped $3.00
IPHONE 16 PRO,256GB,tmobile,broken,$292.00 ,684.95,205.00,684.95,620.15,30.00,15.00,50.00,525.15,320.15,156.17%,210.00,315.15,150.07%,Already ≥ 15% profit – bumped $5.00
IPHONE 16 PRO,256GB,unlocked,flawless,$527.48 ,709.95,589.00,709.95,643.15,30.00,15.00,10.00,588.15,-0.85,-0.14%,511.00,77.15,15.10%,Repriced to hit 15% profit
IPHONE 16 PRO,256GB,unlocked,good,$527.48 ,709.95,533.00,709.95,643.15,30.00,15.00,10.00,588.15,55.15,10.35%,496.00,92.15,18.58%,Repriced to hit 15% profit; capped good to stay $15.00 below flawless
IPHONE 16 PRO,256GB,unlocked,fair,$506.00 ,709.95,434.00,709.95,643.15,30.00,15.00,30.00,568.15,134.15,30.91%,435.00,133.15,30.61%,Already ≥ 15% profit – bumped $1.00
IPHONE 16 PRO,256GB,unlocked,broken,$427.00 ,709.95,320.00,709.95,643.15,30.00,15.00,50.00,548.15,228.15,71.30%,323.00,225.15,69.71%,Already ≥ 15% profit – bumped $3.00
IPHONE 16 PRO,512GB,att,flawless,$560.00 ,744.0,599.00,744.00,674.48,30.00,15.00,10.00,619.48,20.48,3.42%,539.00,80.48,14.93%,Repriced to hit 15% profit
IPHONE 16 PRO,512GB,att,good,$501.00 ,744.0,534.00,744.00,674.48,30.00,15.00,10.00,619.48,85.48,16.01%,524.00,95.48,18.22%,Already ≥ 15% profit – bumped $1.00; capped good to stay $15.00 below flawless
IPHONE 16 PRO,512GB,att,fair,$446.00 ,744.0,379.00,744.00,674.48,30.00,15.00,30.00,599.48,220.48,58.17%,382.00,217.48,56.93%,Already ≥ 15% profit – bumped $3.00
IPHONE 16 PRO,512GB,att,broken,$387.00 ,744.0,255.00,744.00,674.48,30.00,15.00,50.00,579.48,324.48,127.25%,260.00,319.48,122.88%,Already ≥ 15% profit – bumped $5.00
IPHONE 16 PRO,512GB,verizon,flawless,$590.00 ,744.0,509.00,744.00,674.48,30.00,15.00,10.00,619.48,110.48,21.71%,510.00,109.48,21.47%,Already ≥ 15% profit – bumped $1.00
IPHONE 16 PRO,512GB,verizon,good,$547.00 ,744.0,470.00,744.00,674.48,30.00,15.00,10.00,619.48,149.48,31.80%,471.00,148.48,31.52%,Already ≥ 15% profit – bumped $1.00
IPHONE 16 PRO,512GB,verizon,fair,$481.00 ,744.0,324.00,744.00,674.48,30.00,15.00,30.00,599.48,275.48,85.02%,329.00,270.48,82.21%,Already ≥ 15% profit – bumped $5.00
IPHONE 16 PRO,512GB,verizon,broken,$413.00 ,744.0,255.00,744.00,674.48,30.00,15.00,50.00,579.48,324.48,127.25%,260.00,319.48,122.88%,Already ≥ 15% profit – bumped $5.00
IPHONE 16 PRO,512GB,tmobile,flawless,$584.00 ,744.0,644.00,744.00,674.48,30.00,15.00,10.00,619.48,-24.52,-3.81%,539.00,80.48,14.93%,Repriced to hit 15% profit
IPHONE 16 PRO,512GB,tmobile,good,$557.00 ,744.0,579.00,744.00,674.48,30.00,15.00,10.00,619.48,40.48,6.99%,524.00,95.48,18.22%,Repriced to hit 15% profit; capped good to stay $15.00 below flawless
IPHONE 16 PRO,512GB,tmobile,fair,$471.00 ,744.0,404.00,744.00,674.48,30.00,15.00,30.00,599.48,195.48,48.39%,407.00,192.48,47.29%,Already ≥ 15% profit – bumped $3.00
IPHONE 16 PRO,512GB,tmobile,broken,$332.00 ,744.0,255.00,744.00,674.48,30.00,15.00,50.00,579.48,324.48,127.25%,260.00,319.48,122.88%,Already ≥ 15% profit – bumped $5.00
IPHONE 16 PRO,512GB,unlocked,flawless,$595.48 ,769.0,629.00,769.00,697.48,30.00,15.00,10.00,642.48,13.48,2.14%,559.00,83.48,14.93%,Repriced to hit 15% profit
IPHONE 16 PRO,512GB,unlocked,good,$595.48 ,769.0,573.00,769.00,697.48,30.00,15.00,10.00,642.48,69.48,12.13%,544.00,98.48,18.10%,Repriced to hit 15% profit; capped good to stay $15.00 below flawless
IPHONE 16 PRO,512GB,unlocked,fair,$546.00 ,769.0,474.00,769.00,697.48,30.00,15.00,30.00,622.48,148.48,31.32%,475.00,147.48,31.05%,Already ≥ 15% profit – bumped $1.00
IPHONE 16 PRO,512GB,unlocked,broken,$497.00 ,769.0,380.00,769.00,697.48,30.00,15.00,50.00,602.48,222.48,58.55%,383.00,219.48,57.31%,Already ≥ 15% profit – bumped $3.00
IPHONE 16 PRO,1TB,att,flawless,$623.00 ,784.0,665.00,784.00,711.28,30.00,15.00,10.00,656.28,-8.72,-1.31%,571.00,85.28,14.94%,Repriced to hit 15% profit
IPHONE 16 PRO,1TB,att,good,$561.00 ,784.0,594.00,784.00,711.28,30.00,15.00,10.00,656.28,62.28,10.48%,556.00,100.28,18.04%,Repriced to hit 15% profit; capped good to stay $15.00 below flawless
IPHONE 16 PRO,1TB,att,fair,$506.00 ,784.0,439.00,784.00,711.28,30.00,15.00,30.00,636.28,197.28,44.94%,440.00,196.28,44.61%,Already ≥ 15% profit – bumped $1.00
IPHONE 16 PRO,1TB,att,broken,$442.00 ,784.0,295.10,784.00,711.28,30.00,15.00,50.00,616.28,321.18,108.84%,300.00,316.28,105.43%,Already ≥ 15% profit – bumped $5.00
IPHONE 16 PRO,1TB,verizon,flawless,$619.00 ,784.0,599.00,784.00,711.28,30.00,15.00,10.00,656.28,57.28,9.56%,571.00,85.28,14.94%,Repriced to hit 15% profit
IPHONE 16 PRO,1TB,verizon,good,$517.00 ,784.0,551.00,784.00,711.28,30.00,15.00,10.00,656.28,105.28,19.11%,552.00,104.28,18.89%,Already ≥ 15% profit – bumped $1.00
IPHONE 16 PRO,1TB,verizon,fair,$468.00 ,784.0,334.00,784.00,711.28,30.00,15.00,30.00,636.28,302.28,90.50%,339.00,297.28,87.69%,Already ≥ 15% profit – bumped $5.00
IPHONE 16 PRO,1TB,verizon,broken,$447.00 ,784.0,295.00,784.00,711.28,30.00,15.00,50.00,616.28,321.28,108.91%,300.00,316.28,105.43%,Already ≥ 15% profit – bumped $5.00
IPHONE 16 PRO,1TB,tmobile,flawless,$669.00 ,784.0,710.00,784.00,711.28,30.00,15.00,10.00,656.28,-53.72,-7.57%,571.00,85.28,14.94%,Repriced to hit 15% profit
IPHONE 16 PRO,1TB,tmobile,good,$617.00 ,784.0,639.00,784.00,711.28,30.00,15.00,10.00,656.28,17.28,2.70%,556.00,100.28,18.04%,Repriced to hit 15% profit; capped good to stay $15.00 below flawless
IPHONE 16 PRO,1TB,tmobile,fair,$531.00 ,784.0,464.00,784.00,711.28,30.00,15.00,30.00,636.28,172.28,37.13%,465.00,171.28,36.83%,Already ≥ 15% profit – bumped $1.00
IPHONE 16 PRO,1TB,tmobile,broken,$392.00 ,784.0,295.00,784.00,711.28,30.00,15.00,50.00,616.28,321.28,108.91%,300.00,316.28,105.43%,Already ≥ 15% profit – bumped $5.00
IPHONE 16 PRO,1TB,unlocked,flawless,$727.48 ,809.0,689.00,809.00,734.28,30.00,15.00,10.00,679.28,-9.72,-1.41%,591.00,88.28,14.94%,Repriced to hit 15% profit
IPHONE 16 PRO,1TB,unlocked,good,$727.48 ,809.0,639.00,809.00,734.28,30.00,15.00,10.00,679.28,40.28,6.30%,576.00,103.28,17.93%,Repriced to hit 15% profit; capped good to stay $15.00 below flawless
IPHONE 16 PRO,1TB,unlocked,fair,$606.00 ,809.0,533.00,809.00,734.28,30.00,15.00,30.00,659.28,126.28,23.69%,534.00,125.28,23.46%,Already ≥ 15% profit – bumped $1.00
IPHONE 16 PRO,1TB,unlocked,broken,$487.00 ,809.0,430.00,809.00,734.28,30.00,15.00,50.00,639.28,209.28,48.67%,433.00,206.28,47.64%,Already ≥ 15% profit – bumped $3.00
IPHONE 16 PRO MAX,256GB,att,flawless,$597.99 ,775.0,591.00,775.00,703.00,30.00,15.00,10.00,648.00,57.00,9.64%,563.00,85.00,15.10%,Repriced to hit 15% profit
IPHONE 16 PRO MAX,256GB,att,good,$541.00 ,775.0,551.00,775.00,703.00,30.00,15.00,10.00,648.00,97.00,17.60%,548.00,100.00,18.25%,Already ≥ 15% profit – bumped $1.00; capped good to stay $15.00 below flawless
IPHONE 16 PRO MAX,256GB,att,fair,$476.00 ,775.0,466.00,775.00,703.00,30.00,15.00,30.00,628.00,162.00,34.76%,467.00,161.00,34.48%,Already ≥ 15% profit – bumped $1.00
IPHONE 16 PRO MAX,256GB,att,broken,$381.00 ,775.0,290.00,775.00,703.00,30.00,15.00,50.00,608.00,318.00,109.66%,295.00,313.00,106.10%,Already ≥ 15% profit – bumped $5.00
IPHONE 16 PRO MAX,256GB,verizon,flawless,$607.00 ,775.0,703.00,775.00,703.00,30.00,15.00,10.00,648.00,-55.00,-7.82%,563.00,85.00,15.10%,Repriced to hit 15% profit
IPHONE 16 PRO MAX,256GB,verizon,good,$587.00 ,775.0,637.00,775.00,703.00,30.00,15.00,10.00,648.00,11.00,1.73%,548.00,100.00,18.25%,Repriced to hit 15% profit; capped good to stay $15.00 below flawless
IPHONE 16 PRO MAX,256GB,verizon,fair,$501.00 ,775.0,488.00,775.00,703.00,30.00,15.00,30.00,628.00,140.00,28.69%,489.00,139.00,28.43%,Already ≥ 15% profit – bumped $1.00
IPHONE 16 PRO MAX,256GB,verizon,broken,$401.00 ,775.0,305.00,775.00,703.00,30.00,15.00,50.00,608.00,303.00,99.34%,310.00,298.00,96.13%,Already ≥ 15% profit – bumped $5.00
IPHONE 16 PRO MAX,256GB,tmobile,flawless,$615.48 ,775.0,606.00,775.00,703.00,30.00,15.00,10.00,648.00,42.00,6.93%,563.00,85.00,15.10%,Repriced to hit 15% profit
IPHONE 16 PRO MAX,256GB,tmobile,good,$577.00 ,775.0,552.00,775.00,703.00,30.00,15.00,10.00,648.00,96.00,17.39%,548.00,100.00,18.25%,Already ≥ 15% profit – bumped $1.00; capped good to stay $15.00 below flawless
IPHONE 16 PRO MAX,256GB,tmobile,fair,$491.00 ,775.0,481.00,775.00,703.00,30.00,15.00,30.00,628.00,147.00,30.56%,482.00,146.00,30.29%,Already ≥ 15% profit – bumped $1.00
IPHONE 16 PRO MAX,256GB,tmobile,broken,$356.00 ,775.0,335.00,775.00,703.00,30.00,15.00,50.00,608.00,273.00,81.49%,340.00,268.00,78.82%,Already ≥ 15% profit – bumped $5.00
IPHONE 16 PRO MAX,256GB,unlocked,flawless,$615.48 ,800.0,689.00,800.00,726.00,30.00,15.00,10.00,671.00,-18.00,-2.61%,583.00,88.00,15.09%,Repriced to hit 15% profit
IPHONE 16 PRO MAX,256GB,unlocked,good,$615.48 ,800.0,628.00,800.00,726.00,30.00,15.00,10.00,671.00,43.00,6.85%,568.00,103.00,18.13%,Repriced to hit 15% profit; capped good to stay $15.00 below flawless
IPHONE 16 PRO MAX,256GB,unlocked,fair,$596.00 ,800.0,581.00,800.00,726.00,30.00,15.00,30.00,651.00,70.00,12.05%,566.00,85.00,15.02%,Repriced to hit 15% profit
IPHONE 16 PRO MAX,256GB,unlocked,broken,$511.00 ,800.0,350.00,800.00,726.00,30.00,15.00,50.00,631.00,281.00,80.29%,355.00,276.00,77.75%,Already ≥ 15% profit – bumped $5.00
IPHONE 16 PRO MAX,512GB,att,flawless,$657.99 ,855.0,646.00,855.00,776.60,30.00,15.00,10.00,721.60,75.60,11.70%,627.00,94.60,15.09%,Repriced to hit 15% profit
IPHONE 16 PRO MAX,512GB,att,good,$591.00 ,855.0,598.00,855.00,776.60,30.00,15.00,10.00,721.60,123.60,20.67%,599.00,122.60,20.47%,Already ≥ 15% profit – bumped $1.00
IPHONE 16 PRO MAX,512GB,att,fair,$526.00 ,855.0,521.00,855.00,776.60,30.00,15.00,30.00,701.60,180.60,34.66%,522.00,179.60,34.41%,Already ≥ 15% profit – bumped $1.00
IPHONE 16 PRO MAX,512GB,att,broken,$453.00 ,855.0,346.55,855.00,776.60,30.00,15.00,50.00,681.60,335.05,96.68%,352.00,329.60,93.64%,Already ≥ 15% profit – bumped $5.00
IPHONE 16 PRO MAX,512GB,verizon,flawless,$663.00 ,855.0,616.00,855.00,776.60,30.00,15.00,10.00,721.60,105.60,17.14%,617.00,104.60,16.95%,Already ≥ 15% profit – bumped $1.00
IPHONE 16 PRO MAX,512GB,verizon,good,$647.00 ,855.0,559.00,855.00,776.60,30.00,15.00,10.00,721.60,162.60,29.09%,560.00,161.60,28.86%,Already ≥ 15% profit – bumped $1.00
IPHONE 16 PRO MAX,512GB,verizon,fair,$561.00 ,855.0,444.00,855.00,776.60,30.00,15.00,30.00,701.60,257.60,58.02%,447.00,254.60,56.96%,Already ≥ 15% profit – bumped $3.00
IPHONE 16 PRO MAX,512GB,verizon,broken,$478.00 ,855.0,345.88,855.00,776.60,30.00,15.00,50.00,681.60,335.72,97.06%,351.00,330.60,94.19%,Already ≥ 15% profit – bumped $5.00
IPHONE 16 PRO MAX,512GB,tmobile,flawless,$679.48 ,855.0,661.00,855.00,776.60,30.00,15.00,10.00,721.60,60.60,9.17%,627.00,94.60,15.09%,Repriced to hit 15% profit
IPHONE 16 PRO MAX,512GB,tmobile,good,$631.00 ,855.0,613.00,855.00,776.60,30.00,15.00,10.00,721.60,108.60,17.72%,612.00,109.60,17.91%,Already ≥ 15% profit – bumped $1.00; capped good to stay $15.00 below flawless
IPHONE 16 PRO MAX,512GB,tmobile,fair,$541.00 ,855.0,536.00,855.00,776.60,30.00,15.00,30.00,701.60,165.60,30.90%,537.00,164.60,30.65%,Already ≥ 15% profit – bumped $1.00
IPHONE 16 PRO MAX,512GB,tmobile,broken,$446.00 ,855.0,346.42,855.00,776.60,30.00,15.00,50.00,681.60,335.18,96.76%,351.00,330.60,94.19%,Already ≥ 15% profit – bumped $5.00
IPHONE 16 PRO MAX,512GB,unlocked,flawless,$679.48 ,880.0,744.00,880.00,799.60,30.00,15.00,10.00,744.60,0.60,0.08%,647.00,97.60,15.09%,Repriced to hit 15% profit
IPHONE 16 PRO MAX,512GB,unlocked,good,$679.48 ,880.0,683.00,880.00,799.60,30.00,15.00,10.00,744.60,61.60,9.02%,632.00,112.60,17.82%,Repriced to hit 15% profit; capped good to stay $15.00 below flawless
IPHONE 16 PRO MAX,512GB,unlocked,fair,$646.00 ,880.0,635.00,880.00,799.60,30.00,15.00,30.00,724.60,89.60,14.11%,630.00,94.60,15.02%,Repriced to hit 15% profit
IPHONE 16 PRO MAX,512GB,unlocked,broken,$581.00 ,880.0,380.00,880.00,799.60,30.00,15.00,50.00,704.60,324.60,85.42%,385.00,319.60,83.01%,Already ≥ 15% profit – bumped $5.00
IPHONE 16 PRO MAX,1TB,att,flawless,$749.00 ,924.0,731.00,924.00,840.08,30.00,15.00,10.00,785.08,54.08,7.40%,683.00,102.08,14.95%,Repriced to hit 15% profit
IPHONE 16 PRO MAX,1TB,att,good,$681.00 ,924.0,671.00,924.00,840.08,30.00,15.00,10.00,785.08,114.08,17.00%,668.00,117.08,17.53%,Already ≥ 15% profit – bumped $1.00; capped good to stay $15.00 below flawless
IPHONE 16 PRO MAX,1TB,att,fair,$616.00 ,924.0,606.00,924.00,840.08,30.00,15.00,30.00,765.08,159.08,26.25%,607.00,158.08,26.04%,Already ≥ 15% profit – bumped $1.00
IPHONE 16 PRO MAX,1TB,att,broken,$523.00 ,924.0,405.00,924.00,840.08,30.00,15.00,50.00,745.08,340.08,83.97%,410.00,335.08,81.73%,Already ≥ 15% profit – bumped $5.00
IPHONE 16 PRO MAX,1TB,verizon,flawless,$750.00 ,924.0,706.00,924.00,840.08,30.00,15.00,10.00,785.08,79.08,11.20%,683.00,102.08,14.95%,Repriced to hit 15% profit
IPHONE 16 PRO MAX,1TB,verizon,good,$734.00 ,924.0,640.00,924.00,840.08,30.00,15.00,10.00,785.08,145.08,22.67%,641.00,144.08,22.48%,Already ≥ 15% profit – bumped $1.00
IPHONE 16 PRO MAX,1TB,verizon,fair,$648.00 ,924.0,526.00,924.00,840.08,30.00,15.00,30.00,765.08,239.08,45.45%,529.00,236.08,44.63%,Already ≥ 15% profit – bumped $3.00
IPHONE 16 PRO MAX,1TB,verizon,broken,$541.00 ,924.0,406.92,924.00,840.08,30.00,15.00,50.00,745.08,338.16,83.10%,412.00,333.08,80.84%,Already ≥ 15% profit – bumped $5.00
IPHONE 16 PRO MAX,1TB,tmobile,flawless,$751.48 ,924.0,746.00,924.00,840.08,30.00,15.00,10.00,785.08,39.08,5.24%,683.00,102.08,14.95%,Repriced to hit 15% profit
IPHONE 16 PRO MAX,1TB,tmobile,good,$717.00 ,924.0,687.00,924.00,840.08,30.00,15.00,10.00,785.08,98.08,14.28%,668.00,117.08,17.53%,Repriced to hit 15% profit; capped good to stay $15.00 below flawless
IPHONE 16 PRO MAX,1TB,tmobile,fair,$631.00 ,924.0,621.00,924.00,840.08,30.00,15.00,30.00,765.08,144.08,23.20%,622.00,143.08,23.00%,Already ≥ 15% profit – bumped $1.00
IPHONE 16 PRO MAX,1TB,tmobile,broken,$496.00 ,924.0,407.15,924.00,840.08,30.00,15.00,50.00,745.08,337.93,83.00%,412.00,333.08,80.84%,Already ≥ 15% profit – bumped $5.00
IPHONE 16 PRO MAX,1TB,unlocked,flawless,$751.48 ,949.0,829.00,949.00,863.08,30.00,15.00,10.00,808.08,-20.92,-2.52%,703.00,105.08,14.95%,Repriced to hit 15% profit
IPHONE 16 PRO MAX,1TB,unlocked,good,$751.48 ,949.0,768.00,949.00,863.08,30.00,15.00,10.00,808.08,40.08,5.22%,688.00,120.08,17.45%,Repriced to hit 15% profit; capped good to stay $15.00 below flawless
IPHONE 16 PRO MAX,1TB,unlocked,fair,$734.09 ,949.0,720.00,949.00,863.08,30.00,15.00,30.00,788.08,68.08,9.46%,685.00,103.08,15.05%,Repriced to hit 15% profit
IPHONE 16 PRO MAX,1TB,unlocked,broken,$651.00 ,949.0,400.00,949.00,863.08,30.00,15.00,50.00,768.08,368.08,92.02%,405.00,363.08,89.65%,Already ≥ 15% profit – bumped $5.00